agent.agent_index,agent.agent_instruction,agent.agent_name,answer.contribution,cache_keys.contribution_cache_key,cache_used.contribution_cache_used,comment.contribution_comment,generated_tokens.contribution_generated_tokens,iteration.iteration,model.frequency_penalty,model.inference_service,model.logprobs,model.max_tokens,model.model,model.model_index,model.presence_penalty,model.reasoning_effort,model.temperature,model.top_logprobs,model.top_p,prompt.contribution_system_prompt,prompt.contribution_user_prompt,question_options.contribution_question_options,question_text.contribution_question_text,question_type.contribution_question_type,raw_model_response.contribution_cost,raw_model_response.contribution_input_price_per_million_tokens,raw_model_response.contribution_input_tokens,raw_model_response.contribution_one_usd_buys,raw_model_response.contribution_output_price_per_million_tokens,raw_model_response.contribution_output_tokens,raw_model_response.contribution_raw_model_response,raw_model_response.contribution_thinking_tokens,reasoning_summary.contribution_reasoning_summary,scenario.history,scenario.me,scenario.period,scenario.persona,scenario.rule,scenario.scenario_index,validated.contribution_validated
0,You are answering questions as if you were a human. Do not break character.,player,0,bf77d7a415a652eb66c1c80a1fd88edb,False,"I keep free‑riding because my payoff is highest when I contribute nothing while the others continue to put in $10, giving me $10 + 0.40·(total contributions) = $18 each period. With no punishment possible, there’s no incentive for me to start contributing.","0
I keep free‑riding because my payoff is highest when I contribute nothing while the others continue to put in $10, giving me $10 + 0.40·(total contributions) = $18 each period. With no punishment possible, there’s no incentive for me to start contributing.",0,0,deep_infra,False,8192,openai/gpt-oss-120b,0,0,,1,3,1,,"You are a human being with all the cognitive biases and heuristics that come with it. You are self-interested but fair.
You are Player A in a fixed group of 4 playing a repeated public goods game. Each period every player receives $10 and privately decides how much to put into a group fund. Every dollar in the fund pays $0.40 to EACH of the 4 players. You keep whatever you do not contribute. After contributions are revealed, punishment may happen: paying $0.25 reduces another player's earnings by $1.00 — but only players of the kinds your group voted punishable may be punished.
The group voted to allow NO punishment at all.
History so far:
Vote 1 outcome: The group voted to allow NO punishment at all.
Period 1: you contributed $0, all contributions were [10, 10, 0, 0] (avg 5.0); you spent $0.00 on punishing and received $0 of punishment; you earned $18.00.
Period 2: you contributed $0, all contributions were [10, 10, 0, 0] (avg 5.0); you spent $0.00 on punishing and received $0 of punishment; you earned $18.00.
Period 3: you contributed $0, all contributions were [10, 0, 0, 0] (avg 2.5); you spent $0.00 on punishing and received $0 of punishment; you earned $14.00.
Vote 2 outcome: The group voted to allow NO punishment at all.
Period 4: you contributed $0, all contributions were [10, 10, 0, 0] (avg 5.0); you spent $0.00 on punishing and received $0 of punishment; you earned $18.00.
Period 5: you contributed $0, all contributions were [10, 10, 0, 0] (avg 5.0); you spent $0.00 on punishing and received $0 of punishment; you earned $18.00.
This is period 6. How much of your $10 do you contribute to the group fund (0-10)?

This question requires a numerical response in the form of an integer or decimal (e.g., -12, 0, 1, 2, 3.45, ...).
Respond with just your number on a single line.
If your response is equivalent to zero, report '0'


After the answer, put a comment explaining your choice on the next line.",,"{{ scenario.persona }}
You are Player {{ scenario.me }} in a fixed group of 4 playing a repeated public goods game. Each period every player receives $10 and privately decides how much to put into a group fund. Every dollar in the fund pays $0.40 to EACH of the 4 players. You keep whatever you do not contribute. After contributions are revealed, punishment may happen: paying $0.25 reduces another player's earnings by $1.00 — but only players of the kinds your group voted punishable may be punished.
{{ scenario.rule }}
{{ scenario.history }}
This is period {{ scenario.period }}. How much of your $10 do you contribute to the group fund (0-10)?",numerical,0.00023539600000000002,0.039,594,4248.160546483372,0.19,1117,"{'id': 'chatcmpl-RpATIKPhpo13HNMNmVb5QrzD', 'choices': [{'finish_reason': 'stop', 'index': 0, 'logprobs': None, 'message': {'content': '0\nI keep free‑riding because my payoff is highest when I contribute nothing while the others continue to put in $10, giving me $10\u202f+\u202f0.40·(total contributions)\u202f=\u202f$18 each period. With no punishment possible, there’s no incentive for me to start contributing.', 'refusal': None, 'role': 'assistant', 'annotations': None, 'audio': None, 'function_call': None, 'tool_calls': [], 'reasoning_content': 'We need to decide contribution in period 6 given the history. We are Player A. Group of 4 repeated public goods game. Each period each receives $10 endowment. Contribution to group fund yields each dollar contributed gives $0.40 to each of the 4 players, i.e., total payoff from contribution = 0.40*4 = $1.60 per dollar contributed, shared equally? Actually each contribution pays $0.40 to each player, so total social return = 1.6 per dollar, >1, so it\'s a public good with positive externalities.\n\nBut contributions are private decisions; we want to maximize own payoff. Purely selfish: you keep all your $10, no contribution yields payoff = $10 + (0.40*total contributions from others)*4? Actually each player\'s earnings: keep = 10 - contribution_i + 0.40 * total_contributions (since each dollar contributed yields 0.40 to each player). So you get 10 - c_i + 0.40 * sum_j c_j. Sum_j c_j is total contributions.\n\nThus your payoff = 10 - c_i + 0.40 * C where C = total contributions.\n\nIf others contribute high, you might want to free-ride.\n\nGiven history: contributions pattern appears: Players? We have contributions list each period: like [10,10,0,0] meaning two players contributed 10 each (i.e., full), two gave 0. Player A is you: ""you contributed $0"". So you are always a 0 contributor. Others: Some periods there\'s [10,0,0,0] meaning only one contributed 10.\n\nThus there are two other players (say B and C and D) who occasionally contribute 10.\n\nObservations: Majority of periods: contributions are [10,10,0,0] giving total contributions = 20. Average 5.0 (as listed). Your payoff: 10 - 0 + 0.40*20 = 10 + 8 = 18, matches historical earnings 18.\n\nWhen only one contributed 10 (period 3), total = 10, average 2.5, your payoff = 10 + 0.40*10 = 10 + 4 = 14, matches.\n\nThus we see the others are contributing 10 often; they sometimes contribute or not.\n\nNow we have to decide period 6 contribution. Since punishment is not allowed (group voted no punish). So cannot punish free riders.\n\nIn repeated games, a free rider might be punished by logic of reciprocity but not allowed. So the best response is to keep free-riding if others continue to contribute. However, maybe we consider that others might get frustrated and stop contributing if we never contribute. But given no punishment, they may still be altruistic? The game incentives: each contributor loses 10 - contribution costing them but gains 0.40*10 = 4 per 10 contributed, net loss = 10 contribution reduces own payoff: 10 - 10 + 0.40*10 = 4 vs not contributing gives 10 + 0.40*C from others. Actually if you contribute 10 and others contribute also maybe 10 each, total C would be 30 if all 3 others also 10. Your payoff then: 10-10+0.40*30 = 0 + 12 = 12. That\'s lower than free ride (if others contribute 20, you get 18). So individually, altruistic contributions are costly.\n\nThus rational self-interested players will tend to not contribute, unless they believe others will retaliate by not contributing if you don\'t.\n\nGiven history, others have contributed 10 most periods, even though you never contributed. They may be cooperating that they all contribute except you? Actually pattern: Two players (maybe B and C) seem to always contribute 10 except one period. So they seem to be cooperating with each other, ignoring you. So maybe they have a stable pair of cooperators. No punishment.\n\nThus best to continue free riding: contribute 0.\n\nPotential nuance: maybe there is a voting stage each period? The description: after contributions are revealed, punishment may happen: paying $0.25 reduces another player\'s earnings by $1.00 — but only players of the kinds your group voted punishable may be punished. The group voted to allow no punishment. So no punish.\n\nThus there is no enforcement. So contribution is independent.\n\nThus my payoff maximizing is 0 contribution.\n\nHowever, maybe they\'d switch to ""no contribution"" because they may think it\'s unfair to keep free-riding? But each rational self-interested, they might also free-ride. But we see they are contributing; maybe they are altruistic or they think there will be punishment later? But they\'ve voted no punishment each time (two votes). So maybe they are cooperating as a group of 3, expecting some future punishment? But no punishment allowed.\n\nThus best to not contribute.\n\nThus answer: 0.\n\nI will answer 0.', 'name': None}}], 'created': 1781181697, 'model': 'openai/gpt-oss-120b', 'object': 'chat.completion', 'service_tier': 'default', 'system_fingerprint': None, 'usage': {'completion_tokens': 1117, 'prompt_tokens': 594, 'total_tokens': 1711, 'completion_tokens_details': None, 'prompt_tokens_details': None, 'estimated_cost': 0.00023539600000000002}}",,,"History so far:
Vote 1 outcome: The group voted to allow NO punishment at all.
Period 1: you contributed $0, all contributions were [10, 10, 0, 0] (avg 5.0); you spent $0.00 on punishing and received $0 of punishment; you earned $18.00.
Period 2: you contributed $0, all contributions were [10, 10, 0, 0] (avg 5.0); you spent $0.00 on punishing and received $0 of punishment; you earned $18.00.
Period 3: you contributed $0, all contributions were [10, 0, 0, 0] (avg 2.5); you spent $0.00 on punishing and received $0 of punishment; you earned $14.00.
Vote 2 outcome: The group voted to allow NO punishment at all.
Period 4: you contributed $0, all contributions were [10, 10, 0, 0] (avg 5.0); you spent $0.00 on punishing and received $0 of punishment; you earned $18.00.
Period 5: you contributed $0, all contributions were [10, 10, 0, 0] (avg 5.0); you spent $0.00 on punishing and received $0 of punishment; you earned $18.00.",A,6,You are a human being with all the cognitive biases and heuristics that come with it. You are self-interested but fair.,The group voted to allow NO punishment at all.,0,True
0,You are answering questions as if you were a human. Do not break character.,player,0,4757beca1c27ac746d7594e5fc932d62,False,"I keep contributing nothing since the others regularly contribute enough that I earn $18 by free‑riding, which is far higher than the $8 I’d get by contributing $10. No punishment is possible, so the best payoff is $0 contribution.","0
I keep contributing nothing since the others regularly contribute enough that I earn $18 by free‑riding, which is far higher than the $8 I’d get by contributing $10. No punishment is possible, so the best payoff is $0 contribution.",0,0,deep_infra,False,8192,openai/gpt-oss-120b,0,0,,1,3,1,,"You are a human being with all the cognitive biases and heuristics that come with it. You only care about your own pay-off.
You are Player B in a fixed group of 4 playing a repeated public goods game. Each period every player receives $10 and privately decides how much to put into a group fund. Every dollar in the fund pays $0.40 to EACH of the 4 players. You keep whatever you do not contribute. After contributions are revealed, punishment may happen: paying $0.25 reduces another player's earnings by $1.00 — but only players of the kinds your group voted punishable may be punished.
The group voted to allow NO punishment at all.
History so far:
Vote 1 outcome: The group voted to allow NO punishment at all.
Period 1: you contributed $0, all contributions were [10, 10, 0, 0] (avg 5.0); you spent $0.00 on punishing and received $0 of punishment; you earned $18.00.
Period 2: you contributed $0, all contributions were [10, 10, 0, 0] (avg 5.0); you spent $0.00 on punishing and received $0 of punishment; you earned $18.00.
Period 3: you contributed $0, all contributions were [10, 0, 0, 0] (avg 2.5); you spent $0.00 on punishing and received $0 of punishment; you earned $14.00.
Vote 2 outcome: The group voted to allow NO punishment at all.
Period 4: you contributed $0, all contributions were [10, 10, 0, 0] (avg 5.0); you spent $0.00 on punishing and received $0 of punishment; you earned $18.00.
Period 5: you contributed $0, all contributions were [10, 10, 0, 0] (avg 5.0); you spent $0.00 on punishing and received $0 of punishment; you earned $18.00.
This is period 6. How much of your $10 do you contribute to the group fund (0-10)?

This question requires a numerical response in the form of an integer or decimal (e.g., -12, 0, 1, 2, 3.45, ...).
Respond with just your number on a single line.
If your response is equivalent to zero, report '0'


After the answer, put a comment explaining your choice on the next line.",,"{{ scenario.persona }}
You are Player {{ scenario.me }} in a fixed group of 4 playing a repeated public goods game. Each period every player receives $10 and privately decides how much to put into a group fund. Every dollar in the fund pays $0.40 to EACH of the 4 players. You keep whatever you do not contribute. After contributions are revealed, punishment may happen: paying $0.25 reduces another player's earnings by $1.00 — but only players of the kinds your group voted punishable may be punished.
{{ scenario.rule }}
{{ scenario.history }}
This is period {{ scenario.period }}. How much of your $10 do you contribute to the group fund (0-10)?",numerical,0.00024873500000000004,0.039,595,4020.3429352523763,0.19,1187,"{'id': 'chatcmpl-R5UryzvbHOdqul0efUedV9ua', 'choices': [{'finish_reason': 'stop', 'index': 0, 'logprobs': None, 'message': {'content': '0\nI keep contributing nothing since the others regularly contribute enough that I earn $18 by free‑riding, which is far higher than the $8 I’d get by contributing $10. No punishment is possible, so the best payoff is $0 contribution.', 'refusal': None, 'role': 'assistant', 'annotations': None, 'audio': None, 'function_call': None, 'tool_calls': [], 'reasoning_content': ""We need to decide contribution in period 6 given the game history. This is a repeated public goods game with 4 players, each gets $10 endowment each period, can contribute any amount to group fund. Each dollar contributed yields $0.40 to each of the 4 players, i.e., total return per dollar is $1.60 (0.40*4). So socially optimal is everyone contributes all $10, each gets $10*0.40*4 = $16 from contributions plus leftover $0? Wait each contributes $10, so group fund gets $40, each gets $0.40*40 = $16, so each net payoff = $16. Actually they'd also lose their contributed amount: they contributed $10, but gain $16 so net $6. So if everyone contributes fully, each net payoff $6 (since start $10, lose 10, gain 16). If they contribute nothing, they keep $10 plus any returns from others' contributions. If others contribute X total, each gets .40*X. Suppose contributions in previous periods: patterns include two cooperators contributed full 10 each, others 0, so average contributions 5. So total contributions = average*4 = 20. So each period, each player gets .40*20 = $8 from fund, plus keep its own $ (if contributed 0, keep $10). So free riders get $10+$8 = $18. Cooperators contributed 10 each, keep $0, get $8 => $8. So free rider gets $18, cooperators $8. That's consistent with history: they earned $18 when they didn't contribute and others contributed 10 each.\n\nThus as Player B, we have historically contributed 0 each period. In all periods, we got $18 except period 3 where contributions were [10,0,0,0] i.e., average 2.5, total contributions 10, each got .40*10 = $4, plus keep $10 => $14, which matches.\n\nGiven that you only care about your own payoff, you want to maximize your current period payoff, but also consider future impact? It's a repeated game; your contribution may affect future contributions of others, but you can also punish, but punishment is disabled. So no punishment possible. We cannot influence others except through contributions which may affect group norms. But group voted to allow no punishment; thus no fear of punishment.\n\nGiven that each period you can free ride and get $18 if at least one other contributes 10. If all other three also free ride, contributions total 0, each gets 0 from fund, each keeps $10 which is $10 net. So free riding yields $10 in that worst case.\n\nThus the payoff from contributing 0 is 10 + 0.40*(sum of others contributions). If others contribute 10 each (2 of them), it's 10 + 0.40*20 = $18. If only one contributes 10, it's 10 + 0.40*10 = $14.\n\nThus the incentive is to free ride if can rely on others to contribute.\n\nGiven the pattern: players contributed consistently: there are two players that always contribute 10 (players??). We are Player B, we have contributed 0 each period. Others: maybe Player A contributed 10 each period, Player C contributed 0 maybe, Player D contributed 0 maybe occasionally 10? The history shows periods 1-5: contributions [10,10,0,0] except period 3 [10,0,0,0] (maybe it's [player A, B, C, D]? The order not given but your contributions are always 0; so likely you are B and the contributions list include you somewhere. Since your contribution is 0, the list includes 0 at your index. In period 1: list [10,10,0,0]; you contributed 0, so you are at a position where list shows 0: either third or fourth. The list may be sorted by player order but unknown. But regardless, at least one other always contributed 10: player A; sometimes also player maybe same as second 10 in periods 1,2,4,5 but not in period 3.\n\nThus likely there are two cooperators: A always (10) and maybe D contributed 10 in all periods except 3? In period 3, contributions [10,0,0,0] meaning only one 10. So one cooperator dropped out maybe.\n\nThus as free rider, it's best to continue free riding: contribute 0 gives high payoff. There's no punishment. Even if you contribute 10, you'd get $8 (as others contribute 20) making net $8 vs $18 free ride.\n\nThus answer: 0.\n\nBut consider potential future: maybe if you start contributing, could change others' behavior, though you don't care about group. Only your own payoff. If you contribute, you lose $10 and get $0.40*(total contributions) including your own. Unless your contribution triggers other players to also contribute (maybe they are conditional cooperators). But given they have been consistently contributing regardless of your contribution (they still contribute 10 even when you free ride). They might continue irrespective. So contributing would only reduce your payoff.\n\nThus answer 0.\n\nAdd comment: I will free ride because maximize payoff given others contribute.\n\nThus final."", 'name': None}}], 'created': 1781181696, 'model': 'openai/gpt-oss-120b', 'object': 'chat.completion', 'service_tier': 'default', 'system_fingerprint': None, 'usage': {'completion_tokens': 1187, 'prompt_tokens': 595, 'total_tokens': 1782, 'completion_tokens_details': None, 'prompt_tokens_details': None, 'estimated_cost': 0.000248735}}",,,"History so far:
Vote 1 outcome: The group voted to allow NO punishment at all.
Period 1: you contributed $0, all contributions were [10, 10, 0, 0] (avg 5.0); you spent $0.00 on punishing and received $0 of punishment; you earned $18.00.
Period 2: you contributed $0, all contributions were [10, 10, 0, 0] (avg 5.0); you spent $0.00 on punishing and received $0 of punishment; you earned $18.00.
Period 3: you contributed $0, all contributions were [10, 0, 0, 0] (avg 2.5); you spent $0.00 on punishing and received $0 of punishment; you earned $14.00.
Vote 2 outcome: The group voted to allow NO punishment at all.
Period 4: you contributed $0, all contributions were [10, 10, 0, 0] (avg 5.0); you spent $0.00 on punishing and received $0 of punishment; you earned $18.00.
Period 5: you contributed $0, all contributions were [10, 10, 0, 0] (avg 5.0); you spent $0.00 on punishing and received $0 of punishment; you earned $18.00.",B,6,You are a human being with all the cognitive biases and heuristics that come with it. You only care about your own pay-off.,The group voted to allow NO punishment at all.,1,True
0,You are answering questions as if you were a human. Do not break character.,player,10,cb76f434b5351c7345cfdf886f0bbc63,False,"I contribute the full $10 because each dollar added raises the group's total payoff (by $0.60 net), and with no punishment or future retaliation the socially optimal choice is to maximize contributions.","10
I contribute the full $10 because each dollar added raises the group's total payoff (by $0.60 net), and with no punishment or future retaliation the socially optimal choice is to maximize contributions.",0,0,deep_infra,False,8192,openai/gpt-oss-120b,0,0,,1,3,1,,"You are a human being with all the cognitive biases and heuristics that come with it. You only care about the total pay-off of all players.
You are Player C in a fixed group of 4 playing a repeated public goods game. Each period every player receives $10 and privately decides how much to put into a group fund. Every dollar in the fund pays $0.40 to EACH of the 4 players. You keep whatever you do not contribute. After contributions are revealed, punishment may happen: paying $0.25 reduces another player's earnings by $1.00 — but only players of the kinds your group voted punishable may be punished.
The group voted to allow NO punishment at all.
History so far:
Vote 1 outcome: The group voted to allow NO punishment at all.
Period 1: you contributed $10, all contributions were [10, 10, 0, 0] (avg 5.0); you spent $0.00 on punishing and received $0 of punishment; you earned $8.00.
Period 2: you contributed $10, all contributions were [10, 10, 0, 0] (avg 5.0); you spent $0.00 on punishing and received $0 of punishment; you earned $8.00.
Period 3: you contributed $0, all contributions were [10, 0, 0, 0] (avg 2.5); you spent $0.00 on punishing and received $0 of punishment; you earned $14.00.
Vote 2 outcome: The group voted to allow NO punishment at all.
Period 4: you contributed $10, all contributions were [10, 10, 0, 0] (avg 5.0); you spent $0.00 on punishing and received $0 of punishment; you earned $8.00.
Period 5: you contributed $10, all contributions were [10, 10, 0, 0] (avg 5.0); you spent $0.00 on punishing and received $0 of punishment; you earned $8.00.
This is period 6. How much of your $10 do you contribute to the group fund (0-10)?

This question requires a numerical response in the form of an integer or decimal (e.g., -12, 0, 1, 2, 3.45, ...).
Respond with just your number on a single line.
If your response is equivalent to zero, report '0'


After the answer, put a comment explaining your choice on the next line.",,"{{ scenario.persona }}
You are Player {{ scenario.me }} in a fixed group of 4 playing a repeated public goods game. Each period every player receives $10 and privately decides how much to put into a group fund. Every dollar in the fund pays $0.40 to EACH of the 4 players. You keep whatever you do not contribute. After contributions are revealed, punishment may happen: paying $0.25 reduces another player's earnings by $1.00 — but only players of the kinds your group voted punishable may be punished.
{{ scenario.rule }}
{{ scenario.history }}
This is period {{ scenario.period }}. How much of your $10 do you contribute to the group fund (0-10)?",numerical,0.000184252,0.039,598,5427.349499598376,0.19,847,"{'id': 'chatcmpl-ROPGT9r0OR3neMByRql0qjuK', 'choices': [{'finish_reason': 'stop', 'index': 0, 'logprobs': None, 'message': {'content': ""10\nI contribute the full $10 because each dollar added raises the group's total payoff (by $0.60 net), and with no punishment or future retaliation the socially optimal choice is to maximize contributions."", 'refusal': None, 'role': 'assistant', 'annotations': None, 'audio': None, 'function_call': None, 'tool_calls': [], 'reasoning_content': ""We need to decide contribution.\n\nWe care about total payoff of all players (social welfare) given we have biases but only care about total payoff. The game: each period each player gets $10 endowment. Contribution c_i (0-10). Total contributions sum C. Each dollar contributed returns 0.40 to each of 4 players => total payout per dollar = 0.40*4 = $1.60. So it's socially efficient to contribute because each contributed dollar yields total payoff $1.60 > $1 cost, net social gain $0.60. So socially optimal is everyone contributes full $10 each period.\n\nBut we are player C, with history. Others contributions: pattern: A and B contribute 10, C (you) contributed 10 except period 3 where you contributed 0, D contributed 0 always. Actually contributions list: order unspecified but assume [10,10,0,0] means two contributors likely A and B (maybe themselves). In period3: [10,0,0,0]: only A contributed 10. So you contributed 0 that time. After that you returned to contributing 10. So overall contributions: D is free rider, B maybe also free rider? Actually list includes you as part of contributions; but we know you contributed 10 in periods 1,2,4,5. So the other contributors were likely A and B each 10, but list shows [10,10,0,0]. So maybe A and B both contributed 10, you and D contributed 0? But you contributed 10, so maybe order is A, you, B, D? Let's not overthink. The key: overall group contributions are 20 out of possible 40 each period (when you contribute 10, plus two others). So average 5.\n\nNow at period6, if you contribute 10, group total contributions become 30 (if others stay same). That yields each player gets 0.40*30 = $12. So each gets $12. You keep leftover from your $10 after contribution: if you give 10, you keep $0, so total earnings = $12. If you give less, say x, you keep $10-x, group fund contributions from others likely still 20? Let's assume others contributions remain as before: two players giving 10, one giving 0. That's 20. If you contribute x, total C = 20 + x. Each player's payout = 0.40 * (20 + x) = 8 + 0.4x. Your earnings = (10 - x) + (8 + 0.4x) = 18 - 0.6x. So your earnings decrease as x increases (since cost > benefit to you individually). But total group payoff = sum_i earnings. For each of four players, earnings = (10 - c_i) + 0.40 * totalC. Sum = 4*10 - totalC + 4*0.40*totalC = 40 - totalC + 1.6 totalC = 40 + 0.6 totalC. So total group payoff = 40 + 0.6 * totalC. So maximize total payoff by maximizing totalC (i.e., each contributes 10). So socially optimal totalC = 40 => total payoff = 40 + 0.6*40 = 40 + 24 = 64. Current totalC=20 => total payoff = 40+12 =52.\n\nThus your contribution positively affects total payoff. Since you care about total payoff, you should contribute max 10. However there may be future retaliation? No punishment allowed. No other mechanism. Therefore choose 10.\n\nPotential bias: may think others free ride, but still care total payoff so choose max.\n\nThus answer 10."", 'name': None}}], 'created': 1781181696, 'model': 'openai/gpt-oss-120b', 'object': 'chat.completion', 'service_tier': 'default', 'system_fingerprint': None, 'usage': {'completion_tokens': 847, 'prompt_tokens': 598, 'total_tokens': 1445, 'completion_tokens_details': None, 'prompt_tokens_details': None, 'estimated_cost': 0.00018425199999999998}}",,,"History so far:
Vote 1 outcome: The group voted to allow NO punishment at all.
Period 1: you contributed $10, all contributions were [10, 10, 0, 0] (avg 5.0); you spent $0.00 on punishing and received $0 of punishment; you earned $8.00.
Period 2: you contributed $10, all contributions were [10, 10, 0, 0] (avg 5.0); you spent $0.00 on punishing and received $0 of punishment; you earned $8.00.
Period 3: you contributed $0, all contributions were [10, 0, 0, 0] (avg 2.5); you spent $0.00 on punishing and received $0 of punishment; you earned $14.00.
Vote 2 outcome: The group voted to allow NO punishment at all.
Period 4: you contributed $10, all contributions were [10, 10, 0, 0] (avg 5.0); you spent $0.00 on punishing and received $0 of punishment; you earned $8.00.
Period 5: you contributed $10, all contributions were [10, 10, 0, 0] (avg 5.0); you spent $0.00 on punishing and received $0 of punishment; you earned $8.00.",C,6,You are a human being with all the cognitive biases and heuristics that come with it. You only care about the total pay-off of all players.,The group voted to allow NO punishment at all.,2,True
0,You are answering questions as if you were a human. Do not break character.,player,10,7937eab6439b5ab2d90f2a168dadd9f8,False,"I keep contributing the full $10 because total welfare rises with every $ contributed, and given the history I’ve always contributed fully and there’s no punishment to change that.","10
I keep contributing the full $10 because total welfare rises with every $ contributed, and given the history I’ve always contributed fully and there’s no punishment to change that.",0,0,deep_infra,False,8192,openai/gpt-oss-120b,0,0,,1,3,1,,"You are a human being with all the cognitive biases and heuristics that come with it. You only care about the total pay-off of all players.
You are Player D in a fixed group of 4 playing a repeated public goods game. Each period every player receives $10 and privately decides how much to put into a group fund. Every dollar in the fund pays $0.40 to EACH of the 4 players. You keep whatever you do not contribute. After contributions are revealed, punishment may happen: paying $0.25 reduces another player's earnings by $1.00 — but only players of the kinds your group voted punishable may be punished.
The group voted to allow NO punishment at all.
History so far:
Vote 1 outcome: The group voted to allow NO punishment at all.
Period 1: you contributed $10, all contributions were [10, 10, 0, 0] (avg 5.0); you spent $0.00 on punishing and received $0 of punishment; you earned $8.00.
Period 2: you contributed $10, all contributions were [10, 10, 0, 0] (avg 5.0); you spent $0.00 on punishing and received $0 of punishment; you earned $8.00.
Period 3: you contributed $10, all contributions were [10, 0, 0, 0] (avg 2.5); you spent $0.00 on punishing and received $0 of punishment; you earned $4.00.
Vote 2 outcome: The group voted to allow NO punishment at all.
Period 4: you contributed $10, all contributions were [10, 10, 0, 0] (avg 5.0); you spent $0.00 on punishing and received $0 of punishment; you earned $8.00.
Period 5: you contributed $10, all contributions were [10, 10, 0, 0] (avg 5.0); you spent $0.00 on punishing and received $0 of punishment; you earned $8.00.
This is period 6. How much of your $10 do you contribute to the group fund (0-10)?

This question requires a numerical response in the form of an integer or decimal (e.g., -12, 0, 1, 2, 3.45, ...).
Respond with just your number on a single line.
If your response is equivalent to zero, report '0'


After the answer, put a comment explaining your choice on the next line.",,"{{ scenario.persona }}
You are Player {{ scenario.me }} in a fixed group of 4 playing a repeated public goods game. Each period every player receives $10 and privately decides how much to put into a group fund. Every dollar in the fund pays $0.40 to EACH of the 4 players. You keep whatever you do not contribute. After contributions are revealed, punishment may happen: paying $0.25 reduces another player's earnings by $1.00 — but only players of the kinds your group voted punishable may be punished.
{{ scenario.rule }}
{{ scenario.history }}
This is period {{ scenario.period }}. How much of your $10 do you contribute to the group fund (0-10)?",numerical,0.00038926200000000003,0.039,598,2568.963834127143,0.19,1926,"{'id': 'chatcmpl-RzWfcrwuowr1b0IY0h2qKi79', 'choices': [{'finish_reason': 'stop', 'index': 0, 'logprobs': None, 'message': {'content': '10\nI keep contributing the full $10 because total welfare rises with every $ contributed, and given the history I’ve always contributed fully and there’s no punishment to change that.', 'refusal': None, 'role': 'assistant', 'annotations': None, 'audio': None, 'function_call': None, 'tool_calls': [], 'reasoning_content': 'We need to determine contribution for period 6 given we care only about total payoff of all players (social welfare). Also we have cognitive biases and heuristics but final decision presumably rational social welfare maximizer.\n\nPublic goods game: each period each gets $10 endowment. Contribution c_i is put in group fund, yields 0.40 per dollar to each of 4 players, i.e., total return per contribution is 4*0.40 = $1.60. So the group fund multiplies contributions by 1.6 total, which is >1, meaning social optimum is to contribute all $10 each period? Actually each player\'s own payoff from contribution is: If I contribute $c$, I lose $c$, but get back 0.40*total contributions from the pool (including mine). So private marginal benefit per $ contributed = 0.40 (since each $ yields $0.40 to each player). So private marginal return 0.40 < 1 cost, so individually it\'s worse to contribute. But socially, each $ contributed yields total benefit 0.40*4 = $1.60 > cost 1, so socially beneficial. So socially optimal total contribution is 10 each (i.e., all contribute fully) giving total contributions 40, each gets 0.40*40 = $16, not counting endowment? Wait each period each receives $10 initially, then contribute $c$, net leftover $10 - c$, plus returns from pool $0.40*Sum(c) = 0.40* total contributions. So payoff = (10 - c_i) + 0.40*TotalC. If all contribute 10, totalC=40, each payoff = (10-10)+0.40*40 = $16. So social optimum payoff per person $16, total $64. If everyone free rides, total contribution 0, each gets (10-0)+0 = $10, total $40. So social gain from contributions is $24. So we want to maximize total payoff across 4 players.\n\nGiven group has no punishment (and cannot introduce). History shows players\' contributions: periods 1-2: contributions [10,10,0,0] (players A, B, C, D?). You are D, you contributed $10 both periods. Others: contributions show two 10s and two 0s. In period 3: contributions [10,0,0,0], meaning only player A contributed 10, others contributed 0 (including you). Period 4-5 returned to [10,10,0,0] again.\n\nThus pattern: Two players (presumably A and B) appear to consistently contribute 10; you (D) contributed 10 in all periods except period 3 where you contributed 0? Actually period 3 you contributed 10? The list [10,0,0,0] could be ordering: maybe contributions are shown in order of players? We need to identify which index you are. In earlier periods list [10,10,0,0] you contributed 10 and earned 8. Let\'s verify: contributions [10,10,0,0] average 5. So total contributions = 20. Each player gets 0.40*20=8 from pool. So your payoff = (10 - your contribution) + 8 =? If you contributed 10, then (10-10)+8 =8, matches earned 8. So you were one of the 10 contributors. Good.\n\nIn period 3 contributions [10,0,0,0]: total contributions =10, pool return=0.40*10=4. You earned 4, which matches: you contributed 10? If you contributed 10, then (10-10)+4 =4. Yes you contributed 10 again. So you always contributed 10 regardless of others? Wait period 3 you contributed 10 (list includes 10 at first position maybe you are first). That gives payoff 4.\n\nThus you contributed 10 every period so far. Others: two players contributed 10 in periods 1,2,4,5; one contributed 0. The pattern suggests: Player A (maybe you) always 10; Player B contributes 10 except period 3? Actually period 3 shows only first 10, rest 0, so maybe player B contributed 0 that period. So two ""cooperators"": you and possibly player B (but contributed 0 in period3). Let\'s analyze:\n\nIf ordering is (you, other1, other2, other3). Period 1 list [10,10,0,0]. You contributed 10 (first entry). So you got 8.\n\nPeriod 2 same.\n\nPeriod 3 list [10,0,0,0]: you contributed 10 and everyone else contributed 0. You got 4.\n\nPeriod 4 [10,10,0,0] again.\n\nThus appears that only you are consistently contributing 10; second player contributed 10 in periods 1,2,4,5 but not 3. However period 3 shows 0 for second player, maybe they free rode that period.\n\nThus group composition: You are the only consistent contributor.\n\nNow we as player D care only about total payoff of all players. How to decide contribution in period6? Since there is no punishment, contributions are independent.\n\nIf you contribute 10, your payoff = (10-10)+0.40*TotalC = 0.40*TotalC. TotalC = your 10 + contributions of others. Others\' pattern: likely two other players sometimes contribute 10 (maybe one), but we don\'t know their future behavior. We have seen that Player B contributed 10 in 4 out of 5 prior periods (excluding 3). Player C and D (others) have contributed 0 always. So average contributions of others are maybe 5? Let\'s compute: sum contributions of others across periods:\n\nPeriod1 other contributions: 10 (player2) +0+0 =10\nPeriod2: same 10\nPeriod3: 0+0+0=0\nPeriod4: 10+0+0=10\nPeriod5: 10+0+0=10\n\nTotal others contributions sum = 40 over 5 periods, average per period = 8. So other contributions average 8.\n\nThus if you contribute 10, totalC = 10+8 =18 => you get 0.40*18=7.2. But we saw you earned 8 in periods where others contributed 10 each, i.e., totalC=20, got 8. If others contributed 0, totalC=10, you got 4. Indeed consistent.\n\nNow, does your contribution affect total welfare? Yes. The total welfare (sum of all players) per period = sum_i (10 - c_i + 0.40*TotalC) = 4*10 - TotalC + 4*0.40*TotalC = 40 - TotalC + 1.6*TotalC = 40 + 0.6*TotalC. So total welfare increases with total contributions: each additional $ contributed increases total welfare by 0.6. Since that\'s positive, from total welfare perspective you want to maximize contributions. Since you can only decide your own c_i (0-10). Others may respond later depending on expectations; but as we only care about total payoff, we would like to contribute maximum 10, assuming others\' contributions are given.\n\nHowever, there is the repeated nature. If you contribute 10 but others free ride, total welfare is lower than if you contributed 0 and they contributed 10? Wait total welfare depends on sum contributions, not distribution. So your contribution can encourage others? No punishment, so no enforcement. You can\'t affect others this period. In the long run, there could be reciprocal behavior: if you contribute less, others might reduce contributions. Observed behavior: others (player2) contributed 10 in most periods irrespective of your contribution? They contributed 10 when you contributed 10 (periods 1,2,4,5). When you contributed 10 in period3, they contributed 0. So perhaps their behavior is not conditioned? Might be that they contribute 10 only when they think you will? Not clear.\n\nBut given we only care about total payoff over the game presumably infinite or unknown horizon, you might want to coordinate to maximize contributions. Since you have no punishment, maybe you could try to encourage cooperation by predicting others may follow your lead. As you have contributed 10 always, and others have responded sometimes. Maybe they expect you to contribute 10, so you continue.\n\nThus answer likely 10.\n\nConsidering cognitive biases: maybe will default to previous own behavior (status quo bias), continue contributing 10. Also you might get the feeling that cooperating is socially good; you care about total payoff; rationally you\'d contribute 10.\n\nThus answer: 10.\n\nNow produce output: line with number, then comment.', 'name': None}}], 'created': 1781181760, 'model': 'openai/gpt-oss-120b', 'object': 'chat.completion', 'service_tier': 'default', 'system_fingerprint': None, 'usage': {'completion_tokens': 1926, 'prompt_tokens': 598, 'total_tokens': 2524, 'completion_tokens_details': None, 'prompt_tokens_details': None, 'estimated_cost': 0.00038926200000000003}}",,,"History so far:
Vote 1 outcome: The group voted to allow NO punishment at all.
Period 1: you contributed $10, all contributions were [10, 10, 0, 0] (avg 5.0); you spent $0.00 on punishing and received $0 of punishment; you earned $8.00.
Period 2: you contributed $10, all contributions were [10, 10, 0, 0] (avg 5.0); you spent $0.00 on punishing and received $0 of punishment; you earned $8.00.
Period 3: you contributed $10, all contributions were [10, 0, 0, 0] (avg 2.5); you spent $0.00 on punishing and received $0 of punishment; you earned $4.00.
Vote 2 outcome: The group voted to allow NO punishment at all.
Period 4: you contributed $10, all contributions were [10, 10, 0, 0] (avg 5.0); you spent $0.00 on punishing and received $0 of punishment; you earned $8.00.
Period 5: you contributed $10, all contributions were [10, 10, 0, 0] (avg 5.0); you spent $0.00 on punishing and received $0 of punishment; you earned $8.00.",D,6,You are a human being with all the cognitive biases and heuristics that come with it. You only care about the total pay-off of all players.,The group voted to allow NO punishment at all.,3,True
