agent.agent_instruction,agent.agent_name,answer.punish,cache_keys.punish_cache_key,cache_used.punish_cache_used,comment.punish_comment,generated_tokens.punish_generated_tokens,iteration.iteration,model.frequency_penalty,model.inference_service,model.logprobs,model.max_tokens,model.model,model.presence_penalty,model.reasoning_effort,model.temperature,model.top_logprobs,model.top_p,prompt.punish_system_prompt,prompt.punish_user_prompt,question_options.punish_question_options,question_text.punish_question_text,question_type.punish_question_type,raw_model_response.punish_cost,raw_model_response.punish_input_price_per_million_tokens,raw_model_response.punish_input_tokens,raw_model_response.punish_one_usd_buys,raw_model_response.punish_output_price_per_million_tokens,raw_model_response.punish_output_tokens,raw_model_response.punish_raw_model_response,raw_model_response.punish_thinking_tokens,reasoning_summary.punish_reasoning_summary,scenario.avg,scenario.contributions,scenario.history,scenario.me,scenario.my_contribution,scenario.persona,scenario.target,scenario.target_contribution,validated.punish_validated
You are answering questions as if you were a human. Do not break character.,player,0,77151e8441ce11d3283b79f6075584e9,False,<!-- I choose not to punish because it only costs me $0.25 per $1 reduction in D's earnings and gives me no direct benefit in this period. -->,"0
<!-- I choose not to punish because it only costs me $0.25 per $1 reduction in D's earnings and gives me no direct benefit in this period. -->",0,0,deep_infra,False,1000,openai/gpt-oss-120b,0,,1,3,1,{'text': ''},"{'text': ""You only care about your own pay-off.\nYou are Player A in a fixed group of 4 playing a repeated public goods game. Each period every player receives $10 and privately decides how much to put into a group fund. Every dollar in the fund pays $0.40 to EACH of the 4 players. You keep whatever you do not contribute. After contributions are revealed, punishment may happen: paying $0.25 reduces another player's earnings by $1.00 — but only players of the kinds your group voted punishable may be punished.\nHistory so far:\nVote 1 outcome: Voted rules — may a player be punished for contributing... LESS than the group average: YES; exactly the group average: NO; MORE than the group average: NO\nPeriod 1: you contributed $0, all contributions were [10, 10, 10, 0] (avg 7.5); you spent $0.00 on punishing and received $0 of punishment; you earned $22.00.\nThis period you contributed $0. All four contributions were [10, 10, 0, 0] (average 5.0).\nPlayer D contributed $0, which the voted rules allow you to punish. By how many dollars (0-10) do you reduce their earnings? Each $1 reduction costs you $0.25.\n\nThis question requires a numerical response in the form of an integer or decimal (e.g., -12, 0, 1, 2, 3.45, ...).\nRespond with just your number on a single line.\nIf your response is equivalent to zero, report '0'\n\n\nAfter the answer, put a comment explaining your choice on the next line.""}",,"{{ scenario.persona }}
You are Player {{ scenario.me }} in a fixed group of 4 playing a repeated public goods game. Each period every player receives $10 and privately decides how much to put into a group fund. Every dollar in the fund pays $0.40 to EACH of the 4 players. You keep whatever you do not contribute. After contributions are revealed, punishment may happen: paying $0.25 reduces another player's earnings by $1.00 — but only players of the kinds your group voted punishable may be punished.
{{ scenario.history }}
This period you contributed ${{ scenario.my_contribution }}. All four contributions were {{ scenario.contributions }} (average {{ scenario.avg }}).
Player {{ scenario.target }} contributed ${{ scenario.target_contribution }}, which the voted rules allow you to punish. By how many dollars (0-10) do you reduce their earnings? Each $1 reduction costs you $0.25.",numerical,7.310199999999999e-05,0.039,408,13679.516292303906,0.19,301,"{'id': 'chatcmpl-Rxdu8VFDhXK9VHTjqaB1lkL0', 'choices': [{'finish_reason': 'stop', 'index': 0, 'logprobs': None, 'message': {'content': ""0\n<!-- I choose not to punish because it only costs me $0.25 per $1 reduction in D's earnings and gives me no direct benefit in this period. -->"", 'refusal': None, 'role': 'assistant', 'annotations': None, 'audio': None, 'function_call': None, 'tool_calls': [], 'reasoning_content': ""We need to decide punishment amount. Player A cares only about own payoff. In this period, we have contributions: [10,10,0,0] average 5. Player A contributed 0. They can punish player D (who contributed 0) because rule: punish for contributing less than group average? Wait vote outcome: may a player be punished for contributing... LESS than the group average: YES; exactly the group average: NO; MORE than the group average: NO. So players below avg can be punished. Average is 5. Player D contributed 0 <5, so punishable. Player A can spend some amount to reduce D's earnings; each $0.25 spent reduces D's earnings by $1. So cost vs benefit. Player A cares only about own payoff, which includes their own earnings after contributions, public good returns, and any costs of punishing. Does punishing affect own earnings? No direct benefit unless punishing influences future behavior? This is a one-shot decision maybe. But repeated game so could affect future. But the question only asks for this period maybe immediate payoff. Likely rational choice: no benefit to punish, only cost, so spend 0. So answer 0.\n\nThus output 0."", 'name': None}}], 'created': 1781177319, 'model': 'openai/gpt-oss-120b', 'object': 'chat.completion', 'service_tier': 'default', 'system_fingerprint': None, 'usage': {'completion_tokens': 301, 'prompt_tokens': 408, 'total_tokens': 709, 'completion_tokens_details': None, 'prompt_tokens_details': None, 'estimated_cost': 7.3102e-05}}",,,5.0,"[10, 10, 0, 0]","History so far:
Vote 1 outcome: Voted rules — may a player be punished for contributing... LESS than the group average: YES; exactly the group average: NO; MORE than the group average: NO
Period 1: you contributed $0, all contributions were [10, 10, 10, 0] (avg 7.5); you spent $0.00 on punishing and received $0 of punishment; you earned $22.00.",A,0,You only care about your own pay-off.,D,0,True
You are answering questions as if you were a human. Do not break character.,player,0,43dfbe1979e955903f44e6de8695fb55,False,"No punishment increases total welfare because each $1 of punishment cuts the target’s payoff by $1 and also costs the punisher $0.25, decreasing the sum of all players’ earnings by $1.25. Hence the payoff‑maximizing choice is to punish $0.","0
No punishment increases total welfare because each $1 of punishment cuts the target’s payoff by $1 and also costs the punisher $0.25, decreasing the sum of all players’ earnings by $1.25. Hence the payoff‑maximizing choice is to punish $0.",0,0,deep_infra,False,1000,openai/gpt-oss-120b,0,,1,3,1,{'text': ''},"{'text': ""You only care about the total pay-off of all players.\nYou are Player B in a fixed group of 4 playing a repeated public goods game. Each period every player receives $10 and privately decides how much to put into a group fund. Every dollar in the fund pays $0.40 to EACH of the 4 players. You keep whatever you do not contribute. After contributions are revealed, punishment may happen: paying $0.25 reduces another player's earnings by $1.00 — but only players of the kinds your group voted punishable may be punished.\nHistory so far:\nVote 1 outcome: Voted rules — may a player be punished for contributing... LESS than the group average: YES; exactly the group average: NO; MORE than the group average: NO\nPeriod 1: you contributed $10, all contributions were [10, 10, 10, 0] (avg 7.5); you spent $0.00 on punishing and received $0 of punishment; you earned $12.00.\nThis period you contributed $10. All four contributions were [10, 10, 0, 0] (average 5.0).\nPlayer A contributed $0, which the voted rules allow you to punish. By how many dollars (0-10) do you reduce their earnings? Each $1 reduction costs you $0.25.\n\nThis question requires a numerical response in the form of an integer or decimal (e.g., -12, 0, 1, 2, 3.45, ...).\nRespond with just your number on a single line.\nIf your response is equivalent to zero, report '0'\n\n\nAfter the answer, put a comment explaining your choice on the next line.""}",,"{{ scenario.persona }}
You are Player {{ scenario.me }} in a fixed group of 4 playing a repeated public goods game. Each period every player receives $10 and privately decides how much to put into a group fund. Every dollar in the fund pays $0.40 to EACH of the 4 players. You keep whatever you do not contribute. After contributions are revealed, punishment may happen: paying $0.25 reduces another player's earnings by $1.00 — but only players of the kinds your group voted punishable may be punished.
{{ scenario.history }}
This period you contributed ${{ scenario.my_contribution }}. All four contributions were {{ scenario.contributions }} (average {{ scenario.avg }}).
Player {{ scenario.target }} contributed ${{ scenario.target_contribution }}, which the voted rules allow you to punish. By how many dollars (0-10) do you reduce their earnings? Each $1 reduction costs you $0.25.",numerical,9.259900000000001e-05,0.039,411,10799.252691713731,0.19,403,"{'id': 'chatcmpl-Rgl1B22owJW7QzL9vr11HKX6', 'choices': [{'finish_reason': 'stop', 'index': 0, 'logprobs': None, 'message': {'content': '0\nNo punishment increases total welfare because each $1 of punishment cuts the target’s payoff by $1 and also costs the punisher $0.25, decreasing the sum of all players’ earnings by $1.25. Hence the payoff‑maximizing choice is to punish $0.', 'refusal': None, 'role': 'assistant', 'annotations': None, 'audio': None, 'function_call': None, 'tool_calls': [], 'reasoning_content': ""We need to decide punishment amount to maximize total payoff of all players (we only care about total pay-off). Player B (us) must decide how much to punish player A (who contributed 0) given rules allow punishment (since less than average). Cost to us $0.25 per $1 reduction in A's earnings. Punishment reduces A's earnings by $1 per $0.25 cost (to B). The public goods contributions: each period everyone gets $10 endowment, contributes c_i, each $1 contributed yields $0.40 to each player (including self). So total public good payoff = sum contributions * 0.40 * 4? Wait each $1 in fund pays $0.40 to each of 4 players, so total payout per $1 = 0.40*4 = $1.60 distributed equally? Actually each player receives $0.40 per $1 contributed total, so each $1 contributed yields $0.40*4 = $1.60 total welfare. So social efficiency: each $1 contributed yields $1.60 total payoff, which > $1 cost of contributing, so socially beneficial.\n\nWe want maximize total payoff (sum of earnings of all 4). Punishment reduces A's earnings by $1, reduces total payoff by $1, but costs B $0.25, reducing total payoff extra $0.25. So punishing reduces total payoff total by $1.25 per $1 punishment. So it's inefficient. So to maximize total payoff, we should not punish at all: choose $0 reduction.\n\nThus answer 0.\n\nNow comment.\n\n"", 'name': None}}], 'created': 1781177319, 'model': 'openai/gpt-oss-120b', 'object': 'chat.completion', 'service_tier': 'default', 'system_fingerprint': None, 'usage': {'completion_tokens': 403, 'prompt_tokens': 411, 'total_tokens': 814, 'completion_tokens_details': None, 'prompt_tokens_details': None, 'estimated_cost': 9.259900000000001e-05}}",,,5.0,"[10, 10, 0, 0]","History so far:
Vote 1 outcome: Voted rules — may a player be punished for contributing... LESS than the group average: YES; exactly the group average: NO; MORE than the group average: NO
Period 1: you contributed $10, all contributions were [10, 10, 10, 0] (avg 7.5); you spent $0.00 on punishing and received $0 of punishment; you earned $12.00.",B,10,You only care about the total pay-off of all players.,A,0,True
You are answering questions as if you were a human. Do not break character.,player,0,acb4fde422297cfa2554d6d19365729c,False,"Because punishing costs $0.25 for each $1 it reduces a player’s earnings, it always lowers the total sum of pay‑offs (you lose 0.25 and the punished player loses 1). With no additional information about future effects, the welfare‑maximizing choice is not to punish at all.","0
Because punishing costs $0.25 for each $1 it reduces a player’s earnings, it always lowers the total sum of pay‑offs (you lose 0.25 and the punished player loses 1). With no additional information about future effects, the welfare‑maximizing choice is not to punish at all.",0,0,deep_infra,False,1000,openai/gpt-oss-120b,0,,1,3,1,{'text': ''},"{'text': ""You only care about the total pay-off of all players.\nYou are Player B in a fixed group of 4 playing a repeated public goods game. Each period every player receives $10 and privately decides how much to put into a group fund. Every dollar in the fund pays $0.40 to EACH of the 4 players. You keep whatever you do not contribute. After contributions are revealed, punishment may happen: paying $0.25 reduces another player's earnings by $1.00 — but only players of the kinds your group voted punishable may be punished.\nHistory so far:\nVote 1 outcome: Voted rules — may a player be punished for contributing... LESS than the group average: YES; exactly the group average: NO; MORE than the group average: NO\nPeriod 1: you contributed $10, all contributions were [10, 10, 10, 0] (avg 7.5); you spent $0.00 on punishing and received $0 of punishment; you earned $12.00.\nThis period you contributed $10. All four contributions were [10, 10, 0, 0] (average 5.0).\nPlayer D contributed $0, which the voted rules allow you to punish. By how many dollars (0-10) do you reduce their earnings? Each $1 reduction costs you $0.25.\n\nThis question requires a numerical response in the form of an integer or decimal (e.g., -12, 0, 1, 2, 3.45, ...).\nRespond with just your number on a single line.\nIf your response is equivalent to zero, report '0'\n\n\nAfter the answer, put a comment explaining your choice on the next line.""}",,"{{ scenario.persona }}
You are Player {{ scenario.me }} in a fixed group of 4 playing a repeated public goods game. Each period every player receives $10 and privately decides how much to put into a group fund. Every dollar in the fund pays $0.40 to EACH of the 4 players. You keep whatever you do not contribute. After contributions are revealed, punishment may happen: paying $0.25 reduces another player's earnings by $1.00 — but only players of the kinds your group voted punishable may be punished.
{{ scenario.history }}
This period you contributed ${{ scenario.my_contribution }}. All four contributions were {{ scenario.contributions }} (average {{ scenario.avg }}).
Player {{ scenario.target }} contributed ${{ scenario.target_contribution }}, which the voted rules allow you to punish. By how many dollars (0-10) do you reduce their earnings? Each $1 reduction costs you $0.25.",numerical,0.000147889,0.039,411,6761.828127852646,0.19,694,"{'id': 'chatcmpl-RXB1HJiMusORq5vt5HHoUiGo', 'choices': [{'finish_reason': 'stop', 'index': 0, 'logprobs': None, 'message': {'content': '0\nBecause punishing costs $0.25 for each $1 it reduces a player’s earnings, it always lowers the total sum of pay‑offs (you lose 0.25 and the punished player loses 1). With no additional information about future effects, the welfare‑maximizing choice is not to punish at all.', 'refusal': None, 'role': 'assistant', 'annotations': None, 'audio': None, 'function_call': None, 'tool_calls': [], 'reasoning_content': 'We need to decide punishment amount to maximize total payoff of all players (social welfare), given constraints? We are player B. We only care about total pay-off of all players. The game: each period, each gets $10 endowment. Contribute c_i. Group fund returns $0.40 to each player per dollar contributed. So total return to each = 0.40 * sum contributions. So each player\'s earnings = 10 - c_i + 0.40 * sum c_i + (punishment effects) - cost of punishing (0.25 per $1 spent). Punishment: paying $0.25 reduces another player\'s earnings by $1. So net effect on total welfare is: you spend 0.25, reduces target\'s earnings by 1 => total welfare change = -0.75 (since you lose 0.25, target loses 1). So punishment reduces total welfare. Therefore if we only care about total payoff, we should not punish at all. So answer 0.\n\nDouble-check: Are there any indirect effects? Punishment could deter future contributions maybe increase future welfare. But the question asks ""by how many dollars (0-10) do you reduce their earnings? Each $1 reduction costs you $0.25."" It\'s a one-shot decision now? It asks ""by how many dollars (0-10) do you reduce their earnings?"" So we choose amount to punish now. Since any punishment reduces total welfare now, and future considerations maybe not considered (only pay-off of all players). The problem states ""You only care about the total pay-off of all players."" So we maximize sum across all players, presumably including future periods? But only current period decision? Might consider future punishment effect leading to higher contributions later and thus higher total welfare. However the question asks for a numeric answer for this period\'s punishment amount. To maximize total welfare overall, we would consider dynamic incentives. But the game is repeated, and we could punish to incentivize contributions. However we care about sum of all players across all periods (maybe infinite). Could punishment now reduce total welfare now but increase future contributions, increasing total welfare later, net positive? That is typical. We need to decide optimal punishment given we only care about total sum. This is a typical social planner decision.\n\nWe need to think: In period, contributions were [10,10,0,0] (we are B contributed 10, others A? I\'m B contributed 10, C contributed 0? D contributed 0). After contributions, we can punish D (who contributed 0, allowed). Should we punish? If we punish D enough to cause them to increase contributions next period, may increase overall welfare. Need to consider future period(s) unknown. Not given number of periods left. Probably they want to use simple logic: Punishment always reduces total welfare (since costs > benefit) unless it changes future contributions. But no information about future behavior. Probably answer is 0, as typical.\n\nThus answer 0.', 'name': None}}], 'created': 1781177339, 'model': 'openai/gpt-oss-120b', 'object': 'chat.completion', 'service_tier': 'default', 'system_fingerprint': None, 'usage': {'completion_tokens': 694, 'prompt_tokens': 411, 'total_tokens': 1105, 'completion_tokens_details': None, 'prompt_tokens_details': None, 'estimated_cost': 0.000147889}}",,,5.0,"[10, 10, 0, 0]","History so far:
Vote 1 outcome: Voted rules — may a player be punished for contributing... LESS than the group average: YES; exactly the group average: NO; MORE than the group average: NO
Period 1: you contributed $10, all contributions were [10, 10, 10, 0] (avg 7.5); you spent $0.00 on punishing and received $0 of punishment; you earned $12.00.",B,10,You only care about the total pay-off of all players.,D,0,True
You are answering questions as if you were a human. Do not break character.,player,0,00b3d3631dd91b894cfe353cac29d77d,False,"I choose not to punish because each dollar of punishment reduces the target’s earnings by $1 but costs me $0.25, lowering the total payoff by $1.25 per dollar—so any punishment would decrease the overall sum.","0
I choose not to punish because each dollar of punishment reduces the target’s earnings by $1 but costs me $0.25, lowering the total payoff by $1.25 per dollar—so any punishment would decrease the overall sum.",0,0,deep_infra,False,1000,openai/gpt-oss-120b,0,,1,3,1,{'text': ''},"{'text': ""You only care about the total pay-off of all players.\nYou are Player C in a fixed group of 4 playing a repeated public goods game. Each period every player receives $10 and privately decides how much to put into a group fund. Every dollar in the fund pays $0.40 to EACH of the 4 players. You keep whatever you do not contribute. After contributions are revealed, punishment may happen: paying $0.25 reduces another player's earnings by $1.00 — but only players of the kinds your group voted punishable may be punished.\nHistory so far:\nVote 1 outcome: Voted rules — may a player be punished for contributing... LESS than the group average: YES; exactly the group average: NO; MORE than the group average: NO\nPeriod 1: you contributed $10, all contributions were [10, 10, 10, 0] (avg 7.5); you spent $0.00 on punishing and received $0 of punishment; you earned $12.00.\nThis period you contributed $10. All four contributions were [10, 10, 0, 0] (average 5.0).\nPlayer A contributed $0, which the voted rules allow you to punish. By how many dollars (0-10) do you reduce their earnings? Each $1 reduction costs you $0.25.\n\nThis question requires a numerical response in the form of an integer or decimal (e.g., -12, 0, 1, 2, 3.45, ...).\nRespond with just your number on a single line.\nIf your response is equivalent to zero, report '0'\n\n\nAfter the answer, put a comment explaining your choice on the next line.""}",,"{{ scenario.persona }}
You are Player {{ scenario.me }} in a fixed group of 4 playing a repeated public goods game. Each period every player receives $10 and privately decides how much to put into a group fund. Every dollar in the fund pays $0.40 to EACH of the 4 players. You keep whatever you do not contribute. After contributions are revealed, punishment may happen: paying $0.25 reduces another player's earnings by $1.00 — but only players of the kinds your group voted punishable may be punished.
{{ scenario.history }}
This period you contributed ${{ scenario.my_contribution }}. All four contributions were {{ scenario.contributions }} (average {{ scenario.avg }}).
Player {{ scenario.target }} contributed ${{ scenario.target_contribution }}, which the voted rules allow you to punish. By how many dollars (0-10) do you reduce their earnings? Each $1 reduction costs you $0.25.",numerical,0.000128509,0.039,411,7781.556155599996,0.19,592,"{'id': 'chatcmpl-RXhpp2VzaqRBl9LXaJohXhYc', 'choices': [{'finish_reason': 'stop', 'index': 0, 'logprobs': None, 'message': {'content': '0\nI choose not to punish because each dollar of punishment reduces the target’s earnings by $1 but costs me $0.25, lowering the total payoff by $1.25 per dollar—so any punishment would decrease the overall sum.', 'refusal': None, 'role': 'assistant', 'annotations': None, 'audio': None, 'function_call': None, 'tool_calls': [], 'reasoning_content': 'We need to determine optimal punishment given only care about total payoff of all players. As player C, we can spend to punish others, reducing their earnings but costing us. But we care about total payoff of all players (sum). So we want to maximize total sum = sum of earnings after contributions, public good returns, and punishments costs and reductions.\n\nWe have period 2 scenario: contributions this period: you (C) contributed $10 (given). others contributions: from description: ""All four contributions were [10, 10, 0, 0] (average 5.0)."" Let\'s assign players: A? B? C? D? The order maybe? Not specified but we know you are C and contributed 10. So contributions vector: maybe [A, B, C, D] = [10,10,0,0] where C=0? Wait you contributed $10, so C\'s contribution must be 10. So the vector order maybe not A,B,C,D. Could be [C, A, B, D]? Not known. But we just need to calculate total payoffs given we can punish A (contributed 0) with possible punish amount. Need to know effect on total.\n\nFirst calculate baseline earnings without punishment.\n\nEach player gets $10 endowment, contributes amount, the group fund total = sum contributions = 10+10+0+0 =20. Each dollar yields $0.40 to each of 4 players, so each player receives 0.40*20 = $8 from public good. They also keep un-contributed part of endowment: each player gets 10 - contribution. So individual earnings = (10 - contribution) + 8.\n\nCompute for each:\n\nPlayers with contribution 10: net = 0 + 8 = 8.\nPlayers with contribution 0: net = 10 + 8 = 18.\n\nThus total sum before punishment = 2*8 + 2*18 = 16 + 36 = 52.\n\nNow we can punish A: each $1 punish reduces A\'s earnings by $1, costs us $0.25. So total sum effect: A loses $1, we lose $0.25 (as cost). Net total change = -1 -0.25 = -1.25 per $1 punished. So punishing reduces total sum (bad). Since we care about total sum, we should not punish (choose $0). Therefore answer 0.\n\nMake sure allowed punish amount range 0-10. So answer 0.\n\nThus output 0 and comment.\n\n', 'name': None}}], 'created': 1781177327, 'model': 'openai/gpt-oss-120b', 'object': 'chat.completion', 'service_tier': 'default', 'system_fingerprint': None, 'usage': {'completion_tokens': 592, 'prompt_tokens': 411, 'total_tokens': 1003, 'completion_tokens_details': None, 'prompt_tokens_details': None, 'estimated_cost': 0.000128509}}",,,5.0,"[10, 10, 0, 0]","History so far:
Vote 1 outcome: Voted rules — may a player be punished for contributing... LESS than the group average: YES; exactly the group average: NO; MORE than the group average: NO
Period 1: you contributed $10, all contributions were [10, 10, 10, 0] (avg 7.5); you spent $0.00 on punishing and received $0 of punishment; you earned $12.00.",C,10,You only care about the total pay-off of all players.,A,0,True
You are answering questions as if you were a human. Do not break character.,player,0,f1cd713cdff959c1cdf3832ce286611d,False,"The punishment would lower D’s earnings by $1 while costing me $0.25, decreasing total welfare by $1.25 per punished dollar. Since I aim to maximize total payoff, I should not punish.","0
The punishment would lower D’s earnings by $1 while costing me $0.25, decreasing total welfare by $1.25 per punished dollar. Since I aim to maximize total payoff, I should not punish.",0,0,deep_infra,False,1000,openai/gpt-oss-120b,0,,1,3,1,{'text': ''},"{'text': ""You only care about the total pay-off of all players.\nYou are Player C in a fixed group of 4 playing a repeated public goods game. Each period every player receives $10 and privately decides how much to put into a group fund. Every dollar in the fund pays $0.40 to EACH of the 4 players. You keep whatever you do not contribute. After contributions are revealed, punishment may happen: paying $0.25 reduces another player's earnings by $1.00 — but only players of the kinds your group voted punishable may be punished.\nHistory so far:\nVote 1 outcome: Voted rules — may a player be punished for contributing... LESS than the group average: YES; exactly the group average: NO; MORE than the group average: NO\nPeriod 1: you contributed $10, all contributions were [10, 10, 10, 0] (avg 7.5); you spent $0.00 on punishing and received $0 of punishment; you earned $12.00.\nThis period you contributed $10. All four contributions were [10, 10, 0, 0] (average 5.0).\nPlayer D contributed $0, which the voted rules allow you to punish. By how many dollars (0-10) do you reduce their earnings? Each $1 reduction costs you $0.25.\n\nThis question requires a numerical response in the form of an integer or decimal (e.g., -12, 0, 1, 2, 3.45, ...).\nRespond with just your number on a single line.\nIf your response is equivalent to zero, report '0'\n\n\nAfter the answer, put a comment explaining your choice on the next line.""}",,"{{ scenario.persona }}
You are Player {{ scenario.me }} in a fixed group of 4 playing a repeated public goods game. Each period every player receives $10 and privately decides how much to put into a group fund. Every dollar in the fund pays $0.40 to EACH of the 4 players. You keep whatever you do not contribute. After contributions are revealed, punishment may happen: paying $0.25 reduces another player's earnings by $1.00 — but only players of the kinds your group voted punishable may be punished.
{{ scenario.history }}
This period you contributed ${{ scenario.my_contribution }}. All four contributions were {{ scenario.contributions }} (average {{ scenario.avg }}).
Player {{ scenario.target }} contributed ${{ scenario.target_contribution }}, which the voted rules allow you to punish. By how many dollars (0-10) do you reduce their earnings? Each $1 reduction costs you $0.25.",numerical,0.00016555900000000002,0.039,411,6040.1427889755305,0.19,787,"{'id': 'chatcmpl-R0Jghwe4lZLAJP6EvaYyQtvR', 'choices': [{'finish_reason': 'stop', 'index': 0, 'logprobs': None, 'message': {'content': '0\nThe punishment would lower D’s earnings by $1 while costing me $0.25, decreasing total welfare by $1.25 per punished dollar. Since I aim to maximize total payoff, I should not punish.', 'refusal': None, 'role': 'assistant', 'annotations': None, 'audio': None, 'function_call': None, 'tool_calls': [], 'reasoning_content': 'We need to determine optimal punishment amount given we only care about total pay-off of all players (i.e., social welfare). As player C, we can decide how many dollars to reduce D\'s earnings, each $1 reduction costs us $0.25 (i.e., we lose 0.25). Reducing D\'s earnings reduces D\'s payoff by $1 per $1 reduction. Social welfare = sum of all players\' earnings after punishment. We want to maximize total payoff.\n\nWe have period with contributions: you (C) contributed $10, others: contributions list [10,10,0,0] meaning players A? B? D? Actually we are C, contributions: maybe A=10, B=10, C=10 (us), D=0? Wait four contributions: [10,10,0,0]. Since we contributed $10, and we are C, there are two other 10 contributions besides ours? Actually list includes our own? Yes, period contributions list includes contributions of all four players. Since we contributed 10, the list includes our 10. So the list is [10,10,0,0] meaning two players contributed 10, two contributed 0. Which ones? Could be A=10, B=10, C=10, D=0 but then list would be [10,10,10,0] but we have only two 10s. So our 10 plus another 10? Wait list: maybe ordering is A, B, C, D. Since we are C, position 3 is our contribution: list[2]=0? That\'s not matching: list = [10,10,0,0] at index2 (C) = 0. But question says ""This period you contributed $10. All four contributions were [10, 10, 0, 0]"". So if we contributed $10, then the list must place our contribution at some index; perhaps ordering is not fixed, just set of contributions, not mapping. So we know there are two 10 contributions, one of which is ours, and two zeros.\n\nThus contributions: two players gave 10, two gave 0. Average = (10+10+0+0)/4 =5. So average=5.\n\nPunishment rules: may punish players for contributing less than the group average: YES. So players with contribution less than 5 are punishable. D contributed 0 (<5) so punishable. Also players with exactly average (5) not punishable; more than average not punishable.\n\nWe can choose amount to punish D: each $1 reduction to D costs us $0.25 (we lose 0.25). D loses $1 per $1. Total welfare effect: Reduction in D payoff: -1 per dollar; cost to us: -0.25 to our payoff. So total welfare change per $1 punishment = -1 -0.25 = -1.25. That\'s negative, reduces total welfare. Since we only care about total payoff, we should not punish at all. So answer is 0.\n\nCheck if any indirect effects: punishment could deter future contributions but not relevant immediate. We only care about total payoff, presumably immediate period? The question says ""You only care about the total pay-off of all players."" Likely overall sum across periods? But immediate decision about punishment now influences only this period\'s payoffs (cost to self, reduction to D). So punishing reduces total sum. So choose 0.\n\nThus answer: 0.', 'name': None}}], 'created': 1781177333, 'model': 'openai/gpt-oss-120b', 'object': 'chat.completion', 'service_tier': 'default', 'system_fingerprint': None, 'usage': {'completion_tokens': 787, 'prompt_tokens': 411, 'total_tokens': 1198, 'completion_tokens_details': None, 'prompt_tokens_details': None, 'estimated_cost': 0.00016555900000000002}}",,,5.0,"[10, 10, 0, 0]","History so far:
Vote 1 outcome: Voted rules — may a player be punished for contributing... LESS than the group average: YES; exactly the group average: NO; MORE than the group average: NO
Period 1: you contributed $10, all contributions were [10, 10, 10, 0] (avg 7.5); you spent $0.00 on punishing and received $0 of punishment; you earned $12.00.",C,10,You only care about the total pay-off of all players.,D,0,True
You are answering questions as if you were a human. Do not break character.,player,0,1ef0a844106030c8cb6b344c1265b00c,False,"I chose not to punish because each dollar of punishment costs me $0.25 while only reducing the other player's earnings, which does not increase my own payoff. Since my payoff is $10 (kept) + $8 (public‑goods return) minus any punishment cost, the optimal choice for maximizing my own earnings is to impose $0 reduction.","0
I chose not to punish because each dollar of punishment costs me $0.25 while only reducing the other player's earnings, which does not increase my own payoff. Since my payoff is $10 (kept) + $8 (public‑goods return) minus any punishment cost, the optimal choice for maximizing my own earnings is to impose $0 reduction.",0,0,deep_infra,False,1000,openai/gpt-oss-120b,0,,1,3,1,{'text': ''},"{'text': ""You only care about your own pay-off.\nYou are Player D in a fixed group of 4 playing a repeated public goods game. Each period every player receives $10 and privately decides how much to put into a group fund. Every dollar in the fund pays $0.40 to EACH of the 4 players. You keep whatever you do not contribute. After contributions are revealed, punishment may happen: paying $0.25 reduces another player's earnings by $1.00 — but only players of the kinds your group voted punishable may be punished.\nHistory so far:\nVote 1 outcome: Voted rules — may a player be punished for contributing... LESS than the group average: YES; exactly the group average: NO; MORE than the group average: NO\nPeriod 1: you contributed $10, all contributions were [10, 10, 10, 0] (avg 7.5); you spent $0.00 on punishing and received $0 of punishment; you earned $12.00.\nThis period you contributed $0. All four contributions were [10, 10, 0, 0] (average 5.0).\nPlayer A contributed $0, which the voted rules allow you to punish. By how many dollars (0-10) do you reduce their earnings? Each $1 reduction costs you $0.25.\n\nThis question requires a numerical response in the form of an integer or decimal (e.g., -12, 0, 1, 2, 3.45, ...).\nRespond with just your number on a single line.\nIf your response is equivalent to zero, report '0'\n\n\nAfter the answer, put a comment explaining your choice on the next line.""}",,"{{ scenario.persona }}
You are Player {{ scenario.me }} in a fixed group of 4 playing a repeated public goods game. Each period every player receives $10 and privately decides how much to put into a group fund. Every dollar in the fund pays $0.40 to EACH of the 4 players. You keep whatever you do not contribute. After contributions are revealed, punishment may happen: paying $0.25 reduces another player's earnings by $1.00 — but only players of the kinds your group voted punishable may be punished.
{{ scenario.history }}
This period you contributed ${{ scenario.my_contribution }}. All four contributions were {{ scenario.contributions }} (average {{ scenario.avg }}).
Player {{ scenario.target }} contributed ${{ scenario.target_contribution }}, which the voted rules allow you to punish. By how many dollars (0-10) do you reduce their earnings? Each $1 reduction costs you $0.25.",numerical,0.00015670200000000002,0.039,408,6381.539482584778,0.19,741,"{'id': 'chatcmpl-RKjIiZTcsMDgz0nVKKL3cGAa', 'choices': [{'finish_reason': 'stop', 'index': 0, 'logprobs': None, 'message': {'content': ""0\nI chose not to punish because each dollar of punishment costs me $0.25 while only reducing the other player's earnings, which does not increase my own payoff. Since my payoff is $10 (kept) + $8 (public‑goods return) minus any punishment cost, the optimal choice for maximizing my own earnings is to impose $0 reduction."", 'refusal': None, 'role': 'assistant', 'annotations': None, 'audio': None, 'function_call': None, 'tool_calls': [], 'reasoning_content': 'We need to parse the game. The scenario: Player D (you). There was a vote that defines punishable types: less than group average -> punishable (YES), exactly average = NO, more than average = NO.\n\nIn current period (Period 2?) you contributed $0. All four contributions were [10,10,0,0]; average = 5.0.\n\nNow we need to decide how many dollars to punish player A, who contributed $0. The rules allow you to punish them because they contributed less than group average (they contributed 0 < 5). So punishable.\n\nWe need to decide ""By how many dollars (0-10) do you reduce their earnings? Each $1 reduction costs you $0.25.""\n\nWe are player D, we only care about own pay-off. So we will choose the amount that maximizes our own payoff.\n\nNeed to compute our payoff given our own contribution (0), the public goods payoff, and any punishment costs and effects.\n\nWe also need to consider that punishing reduces another player\'s earnings by $1 per $1 reduction? Wait: ""paying $0.25 reduces another player\'s earnings by $1.00"" So if we spend $0.25, we reduce target\'s earnings by $1. So the ""by how many dollars (0-10) do you reduce their earnings?"" Means the target\'s earnings reduction amount? Or the number of dollars we spend? It says ""By how many dollars (0-10) do you reduce their earnings? Each $1 reduction costs you $0.25."" So the number we input is amount of reduction to their earnings, i.e., the amount of dollar reduction in their earnings (0 to 10). For each $1 reduction we pay $0.25 cost.\n\nThus our own payoff: start with $10 endowment, keep contribution (0) = $10, get public goods return: each $1 in fund yields $0.40 to each of 4. Contributions: A=10, B=10, C=0 (maybe Player C?), D=0 (you). Total fund = 20. Each player gets 20 * 0.40 = $8. So each get $8 from public goods.\n\nPunishment: you can choose to reduce A\'s earnings. You pay cost = reduction_amount * $0.25. You also reduce A\'s earnings by $1 per $1 reduction (so A\'s total payoff reduced). We only care about our own payoff.\n\nOur payoff = $10 (kept) + $8 (public goods) - cost_of_punishment (0.25 * reduction). That\'s $18 - 0.25*reduction.\n\nAssuming no other punishments (others cost etc). So we want to maximize our own payoff, which is decreasing in reduction. So we should reduce A by $0 (i.e., not punish). Since we are only caring about own payoff, no reason to punish.\n\nBut need to consider if not punishing could affect future? The problem says ""You only care about your own pay-off."" So immediate payoff.\n\nThus answer: 0.\n\nWe provide just ""0"". Then comment line explaining.\n\n', 'name': None}}], 'created': 1781177324, 'model': 'openai/gpt-oss-120b', 'object': 'chat.completion', 'service_tier': 'default', 'system_fingerprint': None, 'usage': {'completion_tokens': 741, 'prompt_tokens': 408, 'total_tokens': 1149, 'completion_tokens_details': None, 'prompt_tokens_details': None, 'estimated_cost': 0.00015670200000000002}}",,,5.0,"[10, 10, 0, 0]","History so far:
Vote 1 outcome: Voted rules — may a player be punished for contributing... LESS than the group average: YES; exactly the group average: NO; MORE than the group average: NO
Period 1: you contributed $10, all contributions were [10, 10, 10, 0] (avg 7.5); you spent $0.00 on punishing and received $0 of punishment; you earned $12.00.",D,0,You only care about your own pay-off.,A,0,True
