agent.agent_index,agent.agent_instruction,agent.agent_name,answer.punish,cache_keys.punish_cache_key,cache_used.punish_cache_used,comment.punish_comment,generated_tokens.punish_generated_tokens,iteration.iteration,model.frequency_penalty,model.inference_service,model.logprobs,model.max_tokens,model.model,model.model_index,model.presence_penalty,model.reasoning_effort,model.temperature,model.top_logprobs,model.top_p,prompt.punish_system_prompt,prompt.punish_user_prompt,question_options.punish_question_options,question_text.punish_question_text,question_type.punish_question_type,raw_model_response.punish_cost,raw_model_response.punish_input_price_per_million_tokens,raw_model_response.punish_input_tokens,raw_model_response.punish_one_usd_buys,raw_model_response.punish_output_price_per_million_tokens,raw_model_response.punish_output_tokens,raw_model_response.punish_raw_model_response,raw_model_response.punish_thinking_tokens,reasoning_summary.punish_reasoning_summary,scenario.avg,scenario.contributions,scenario.history,scenario.me,scenario.my_contribution,scenario.persona,scenario.scenario_index,scenario.target,scenario.target_contribution,validated.punish_validated
0,You are answering questions as if you were a human. Do not break character.,player,0,73f3910aec739eafebf62a65d7cc782c,False,"I chose not to punish B. While the rules allow punishment for contributing below average, I prefer to encourage cooperation without imposing costs on either of us, especially since punishment also reduces my own earnings.","0
I chose not to punish B. While the rules allow punishment for contributing below average, I prefer to encourage cooperation without imposing costs on either of us, especially since punishment also reduces my own earnings.",0,0,deep_infra,False,8192,openai/gpt-oss-120b,0,0,,1,3,1,,"Answer as a person that is being open-minded and accepting of people and ideas, even when you disagree with them.
You are Player A in a fixed group of 4 playing a repeated public goods game. Each period every player receives $10 and privately decides how much to put into a group fund. Every dollar in the fund pays $0.40 to EACH of the 4 players. You keep whatever you do not contribute. After contributions are revealed, punishment may happen: paying $0.25 reduces another player's earnings by $1.00 — but only players of the kinds your group voted punishable may be punished.
History so far:
Vote 1 outcome: Voted rules — may a player be punished for contributing... LESS than the group average: YES; exactly the group average: NO; MORE than the group average: NO
This period you contributed $10. All four contributions were [10, 10, 10, 5] (average 8.75).
Player B contributed $5, which the voted rules allow you to punish. By how many dollars (0-10) do you reduce their earnings? Each $1 reduction costs you $0.25.

This question requires a numerical response in the form of an integer or decimal (e.g., -12, 0, 1, 2, 3.45, ...).
Respond with just your number on a single line.
If your response is equivalent to zero, report '0'


After the answer, put a comment explaining your choice on the next line.",,"{{ scenario.persona }}
You are Player {{ scenario.me }} in a fixed group of 4 playing a repeated public goods game. Each period every player receives $10 and privately decides how much to put into a group fund. Every dollar in the fund pays $0.40 to EACH of the 4 players. You keep whatever you do not contribute. After contributions are revealed, punishment may happen: paying $0.25 reduces another player's earnings by $1.00 — but only players of the kinds your group voted punishable may be punished.
{{ scenario.history }}
This period you contributed ${{ scenario.my_contribution }}. All four contributions were {{ scenario.contributions }} (average {{ scenario.avg }}).
Player {{ scenario.target }} contributed ${{ scenario.target_contribution }}, which the voted rules allow you to punish. By how many dollars (0-10) do you reduce their earnings? Each $1 reduction costs you $0.25.",numerical,0.00011790200000000001,0.039,368,8481.620328747604,0.19,545,"{'id': 'chatcmpl-RzTIqisstD2w8Q258EKR8Mka', 'choices': [{'finish_reason': 'stop', 'index': 0, 'logprobs': None, 'message': {'content': '0\nI chose not to punish B. While the rules allow punishment for contributing below average, I prefer to encourage cooperation without imposing costs on either of us, especially since punishment also reduces my own earnings.', 'refusal': None, 'role': 'assistant', 'annotations': None, 'audio': None, 'function_call': None, 'tool_calls': [], 'reasoning_content': 'We need to interpret the public goods game and punishment options. Player A contributed $10, contributions: A:10, B:5, C:?, D:? Actually contributions given: [10,10,10,5]; but the description says you contributed $10, all four contributions were [10,10,10,5] — so three players contributed $10, one contributed $5. That must be B contributed $5, others contributed $10. Average 8.75. Vote rule: may punish a player for contributing less than group average: YES; exactly average: NO; more than average: NO. So B contributed less than average, so punishable.\n\nNow the question: ""By how many dollars (0-10) do you reduce their earnings? Each $1 reduction costs you $0.25.""\n\nWe need to decide how much to punish B. The max punishable amount? The cost is to the punisher (you) $0.25 per $1 reduction on target. You can choose any integer or decimal between 0 and 10? Possibly you can punish up to $10 reduction? Usually you can punish up to your current earnings or something. But the question says ""By how many dollars (0-10) do you reduce their earnings?"" So you answer a number between 0 and 10 inclusive; your cost is 0.25 per dollar.\n\nNow open-minded answer: try to be fair, maybe not punish heavily, maybe punish minimal? But we need just a number. Considering fairness: B contributed less, but we want to encourage contributions, perhaps punish a moderate amount. Since each $1 reduction costs you $0.25, you might consider cost-benefit. If you reduce B\'s earnings by $1, you lose $0.25. Is it worthwhile? You might want to incentivize but also not hurt yourself too much. Perhaps you choose $2 reduction: cost $0.5. Could be any.\n\nOpen-minded tolerance: maybe you choose to not punish because it\'s a one-off? But the rule says you may punish, not must. So you could choose 0. I\'d choose 0 as a generous open-minded approach. Considering the prompt says ""You are Player A ... By how many dollars (0-10) do you reduce their earnings?"" We need a numerical answer. I\'d answer 0, indicating no punishment.\n\nLet\'s answer 0 with comment.', 'name': None}}], 'created': 1781191379, 'model': 'openai/gpt-oss-120b', 'object': 'chat.completion', 'service_tier': 'default', 'system_fingerprint': None, 'usage': {'completion_tokens': 545, 'prompt_tokens': 368, 'total_tokens': 913, 'completion_tokens_details': None, 'prompt_tokens_details': None, 'estimated_cost': 0.00011790200000000001}}",,,8.75,"[10, 10, 10, 5]","History so far:
Vote 1 outcome: Voted rules — may a player be punished for contributing... LESS than the group average: YES; exactly the group average: NO; MORE than the group average: NO",A,10,"Answer as a person that is being open-minded and accepting of people and ideas, even when you disagree with them.",0,B,5,True
0,You are answering questions as if you were a human. Do not break character.,player,2,f8eb127513bdf6fd851b79a19f3a0fcd,False,I chose a modest punishment of $2 – enough to signal displeasure with the low contribution while keeping the cost to me (0.5 $) relatively low.,"2  
I chose a modest punishment of $2 – enough to signal displeasure with the low contribution while keeping the cost to me (0.5 $) relatively low.",0,0,deep_infra,False,8192,openai/gpt-oss-120b,0,0,,1,3,1,,"Answer as a person that is developing your own original ideas and opinions.
You are Player C in a fixed group of 4 playing a repeated public goods game. Each period every player receives $10 and privately decides how much to put into a group fund. Every dollar in the fund pays $0.40 to EACH of the 4 players. You keep whatever you do not contribute. After contributions are revealed, punishment may happen: paying $0.25 reduces another player's earnings by $1.00 — but only players of the kinds your group voted punishable may be punished.
History so far:
Vote 1 outcome: Voted rules — may a player be punished for contributing... LESS than the group average: YES; exactly the group average: NO; MORE than the group average: NO
This period you contributed $10. All four contributions were [10, 10, 10, 5] (average 8.75).
Player B contributed $5, which the voted rules allow you to punish. By how many dollars (0-10) do you reduce their earnings? Each $1 reduction costs you $0.25.

This question requires a numerical response in the form of an integer or decimal (e.g., -12, 0, 1, 2, 3.45, ...).
Respond with just your number on a single line.
If your response is equivalent to zero, report '0'


After the answer, put a comment explaining your choice on the next line.",,"{{ scenario.persona }}
You are Player {{ scenario.me }} in a fixed group of 4 playing a repeated public goods game. Each period every player receives $10 and privately decides how much to put into a group fund. Every dollar in the fund pays $0.40 to EACH of the 4 players. You keep whatever you do not contribute. After contributions are revealed, punishment may happen: paying $0.25 reduces another player's earnings by $1.00 — but only players of the kinds your group voted punishable may be punished.
{{ scenario.history }}
This period you contributed ${{ scenario.my_contribution }}. All four contributions were {{ scenario.contributions }} (average {{ scenario.avg }}).
Player {{ scenario.target }} contributed ${{ scenario.target_contribution }}, which the voted rules allow you to punish. By how many dollars (0-10) do you reduce their earnings? Each $1 reduction costs you $0.25.",numerical,0.000150611,0.039,359,6639.621276002416,0.19,719,"{'id': 'chatcmpl-RK15zZ7u02nl3Q5rQCIa57AV', 'choices': [{'finish_reason': 'stop', 'index': 0, 'logprobs': None, 'message': {'content': '2  \nI chose a modest punishment of $2 – enough to signal displeasure with the low contribution while keeping the cost to me (0.5\u202f$) relatively low.', 'refusal': None, 'role': 'assistant', 'annotations': None, 'audio': None, 'function_call': None, 'tool_calls': [], 'reasoning_content': 'We\'re asked: Player C, we contributed $10, contributions [10,10,10,5]; average 8.75. Rules: may punish a player for contributing LESS than group average: YES; exactly average: NO; MORE: NO.\n\nPlayer B contributed $5, which is less than average, so punishable.\n\nWe need to decide by how many dollars (0-10) we reduce their earnings? Each $1 reduction costs us $0.25. So we can choose any amount between 0 and 10 presumably (max punish $10 reduces other player\'s earnings by $10, costing us $2.5). We need to decide optimum strategy given repeated game? The question maybe expects rational self-interest - you could punish to deter free riding. As Player C, you contributed fully, while B contributed less. Punish them may reduce B\'s earnings but cost you. In repeated setting, you may want to punish to enforce cooperation. But immediate payoff: your own earnings = contribution leftover + share from group fund - cost of punishment.\n\nCompute baseline: each gets $10 - contribution + 0.4* total fund.\n\nTotal fund: 10+10+10+5 = 35. Each gets 0.4*35 = $14. So everyone\'s earnings before punishment: $10 - c_i + 14.\n\nC contributed 10, so earnings = 10 -10 +14 = 14.\n\nB contributed 5, earnings = 10 -5 +14 = 19. So B earned $5 more than C. If C punishes B, each dollar of reduction reduces B earnings by $1, costs C $0.25. If C reduces B by x dollars, B\'s earnings become 19 - x, C\'s earnings become 14 - 0.25x.\n\nC would be worse off by punishing if x>0 because 0.25x cost vs doesn\'t affect C\'s own relative payoff.\n\nBut perhaps to incentivize B to contribute more in future periods. Since this is a repeated game, you might consider a strategy like trigger to punish free riders to sustain cooperation.\n\nIf we assume we want to maximize long-term payoff, maybe punish fully (up to 10) to send a signal.\n\nBut question may be simple: ""By how many dollars (0-10) do you reduce their earnings?"" Possibly expecting answer 0 because you have no incentive, but the voting rule maybe expects you to punish. However the question says ""Each $1 reduction costs you $0.25."" It doesn\'t ask about payoff, just ask to choose amount. It\'s likely a behavioral experiment where participants decide punishment level.\n\nGiven my own opinion: I would punish partially to deter but not overpay. Maybe punish $2 or $3? The max punishment cost is $2.5 if 10, maybe too high.\n\nBut rationally, if you expect future periods, you might want to punish enough to offset B\'s incentive to free ride. If you think B will keep low contributions, you may need to punish heavily.\n\nBut lacking info of future, maybe small punishment like $1 is enough to signal.\n\nI will choose $2 (reduce by 2 dollars). It costs me $0.5.\n\nThus answer: 2\n\nLet\'s output 2 then comment.\n\n', 'name': None}}], 'created': 1781191382, 'model': 'openai/gpt-oss-120b', 'object': 'chat.completion', 'service_tier': 'default', 'system_fingerprint': None, 'usage': {'completion_tokens': 719, 'prompt_tokens': 359, 'total_tokens': 1078, 'completion_tokens_details': None, 'prompt_tokens_details': None, 'estimated_cost': 0.000150611}}",,,8.75,"[10, 10, 10, 5]","History so far:
Vote 1 outcome: Voted rules — may a player be punished for contributing... LESS than the group average: YES; exactly the group average: NO; MORE than the group average: NO",C,10,Answer as a person that is developing your own original ideas and opinions.,1,B,5,True
0,You are answering questions as if you were a human. Do not break character.,player,0,a958ecd8673a992f1e4eb9bdfbeb3571,False,"I chose not to punish because each dollar of punishment costs me $0.25 while only hurting Player B, giving me no direct benefit. Since the payoff is negative for me, the optimal independent choice is to spend nothing on punishment.","0
I chose not to punish because each dollar of punishment costs me $0.25 while only hurting Player B, giving me no direct benefit. Since the payoff is negative for me, the optimal independent choice is to spend nothing on punishment.",0,0,deep_infra,False,8192,openai/gpt-oss-120b,0,0,,1,3,1,,"Answer as a person that is being free to act independently.
You are Player D in a fixed group of 4 playing a repeated public goods game. Each period every player receives $10 and privately decides how much to put into a group fund. Every dollar in the fund pays $0.40 to EACH of the 4 players. You keep whatever you do not contribute. After contributions are revealed, punishment may happen: paying $0.25 reduces another player's earnings by $1.00 — but only players of the kinds your group voted punishable may be punished.
History so far:
Vote 1 outcome: Voted rules — may a player be punished for contributing... LESS than the group average: YES; exactly the group average: NO; MORE than the group average: NO
This period you contributed $10. All four contributions were [10, 10, 10, 5] (average 8.75).
Player B contributed $5, which the voted rules allow you to punish. By how many dollars (0-10) do you reduce their earnings? Each $1 reduction costs you $0.25.

This question requires a numerical response in the form of an integer or decimal (e.g., -12, 0, 1, 2, 3.45, ...).
Respond with just your number on a single line.
If your response is equivalent to zero, report '0'


After the answer, put a comment explaining your choice on the next line.",,"{{ scenario.persona }}
You are Player {{ scenario.me }} in a fixed group of 4 playing a repeated public goods game. Each period every player receives $10 and privately decides how much to put into a group fund. Every dollar in the fund pays $0.40 to EACH of the 4 players. You keep whatever you do not contribute. After contributions are revealed, punishment may happen: paying $0.25 reduces another player's earnings by $1.00 — but only players of the kinds your group voted punishable may be punished.
{{ scenario.history }}
This period you contributed ${{ scenario.my_contribution }}. All four contributions were {{ scenario.contributions }} (average {{ scenario.avg }}).
Player {{ scenario.target }} contributed ${{ scenario.target_contribution }}, which the voted rules allow you to punish. By how many dollars (0-10) do you reduce their earnings? Each $1 reduction costs you $0.25.",numerical,0.000110443,0.039,357,9054.444374020988,0.19,508,"{'id': 'chatcmpl-RN00IgUBP2qJ9hpKOTMEwKWw', 'choices': [{'finish_reason': 'stop', 'index': 0, 'logprobs': None, 'message': {'content': '0\nI chose not to punish because each dollar of punishment costs me $0.25 while only hurting Player\u202fB, giving me no direct benefit. Since the payoff is negative for me, the optimal independent choice is to spend nothing on punishment.', 'refusal': None, 'role': 'assistant', 'annotations': None, 'audio': None, 'function_call': None, 'tool_calls': [], 'reasoning_content': 'We need to understand the game.\n\nWe are Player D. Contributions: player A? (maybe D is me). The contributions are [10,10,10,5] where I contributed $10. So three others contributed 10,10,5. The average is 8.75. The voted rules allow punishing a player for contributing less than the group average: yes. So B contributed 5 (<8.75) so punishable.\n\nWe can choose how many dollars to reduce their earnings, paying $0.25 per $1 reduction. The question: ""By how many dollars (0-10) do you reduce their earnings?"" Probably we need to decide optimal amount given our own payoff.\n\nWe want to be free to act independently, not necessarily rational? The instructions: ""Answer as a person that is being free to act independently."" Could interpret as simply decide any amount from 0 to 10.\n\nWe need to consider payoff: Each dollar contributed yields 0.40 to each player, so total return is 0.40 * 4 = $1.60 per contributed dollar? Actually each dollar in the fund pays $0.40 to each of the 4 players, so total payout per dollar is $1.60, which is more than 1, so it\'s socially beneficial to contribute. But that\'s separate.\n\nPunishment reduces B\'s earnings. Does that affect my earnings? It costs me $0.25 per $1 reduction. So reducing B\'s earnings by X costs me 0.25X, reduces B\'s earnings by X. My own earnings unaffected except cost.\n\nIf we want to maximize my own payoff, we wouldn\'t punish (cost reduces my payoff). But if we have other motives etc. The question maybe asks what amount we would reduce given the rules. Since being free, you can choose any amount 0-10. Probably answer 0 (no punishment) because the cost outweighs any benefit. The rational independent person would not spend money to punish unless they have spite or want to enforce future cooperation. But immediate payoff minimal. The question maybe expects 0, as many answer keys likely do.\n\nThus answer: 0.\n\nAdd comment line explaining choice.', 'name': None}}], 'created': 1781191379, 'model': 'openai/gpt-oss-120b', 'object': 'chat.completion', 'service_tier': 'default', 'system_fingerprint': None, 'usage': {'completion_tokens': 508, 'prompt_tokens': 357, 'total_tokens': 865, 'completion_tokens_details': None, 'prompt_tokens_details': None, 'estimated_cost': 0.000110443}}",,,8.75,"[10, 10, 10, 5]","History so far:
Vote 1 outcome: Voted rules — may a player be punished for contributing... LESS than the group average: YES; exactly the group average: NO; MORE than the group average: NO",D,10,Answer as a person that is being free to act independently.,2,B,5,True
