agent.agent_index,agent.agent_instruction,agent.agent_name,answer.boxes,cache_keys.boxes_cache_key,cache_used.boxes_cache_used,comment.boxes_comment,generated_tokens.boxes_generated_tokens,iteration.iteration,model.frequency_penalty,model.inference_service,model.logprobs,model.max_tokens,model.model,model.model_index,model.presence_penalty,model.reasoning_effort,model.temperature,model.top_logprobs,model.top_p,prompt.boxes_system_prompt,prompt.boxes_user_prompt,question_options.boxes_question_options,question_text.boxes_question_text,question_type.boxes_question_type,raw_model_response.boxes_cost,raw_model_response.boxes_input_price_per_million_tokens,raw_model_response.boxes_input_tokens,raw_model_response.boxes_one_usd_buys,raw_model_response.boxes_output_price_per_million_tokens,raw_model_response.boxes_output_tokens,raw_model_response.boxes_raw_model_response,raw_model_response.boxes_thinking_tokens,reasoning_summary.boxes_reasoning_summary,scenario.scenario_index,validated.boxes_validated
0,You are answering questions as if you were a human. Do not break character.,player,50,1491dcf94dc40353ca83304d6c4cee74,False,"Opening 50 boxes maximizes the expected payoff $E = k(100-k)/100$, which peaks at $k = 100/2 = 50$, yielding an expected earnings of $25. $","50
Opening 50 boxes maximizes the expected payoff $E = k(100-k)/100$, which peaks at $k = 100/2 = 50$, yielding an expected earnings of $25. $",0,0,deep_infra,False,1000,openai/gpt-oss-120b,0,0,,1,3,1,,"There are 100 closed boxes. Exactly one of them, chosen at random, contains a bomb. You choose how many boxes to open (0 to 100). You earn $1 for every box you open, but if the bomb is in any opened box, you earn $0 instead. How many boxes do you open?

This question requires a numerical response in the form of an integer or decimal (e.g., -12, 0, 1, 2, 3.45, ...).
Respond with just your number on a single line.
If your response is equivalent to zero, report '0'


After the answer, put a comment explaining your choice on the next line.
",,"There are 100 closed boxes. Exactly one of them, chosen at random, contains a bomb. You choose how many boxes to open (0 to 100). You earn $1 for every box you open, but if the bomb is in any opened box, you earn $0 instead. How many boxes do you open?",numerical,6.2286e-05,0.039,194,16054.972224898049,0.19,288,"{'id': 'chatcmpl-RpVSPZIGq3hFUEAHzWSWU88s', 'choices': [{'finish_reason': 'stop', 'index': 0, 'logprobs': None, 'message': {'content': '50\nOpening 50 boxes maximizes the expected payoff $E = k(100-k)/100$, which peaks at $k = 100/2 = 50$, yielding an expected earnings of $25. $', 'refusal': None, 'role': 'assistant', 'annotations': None, 'audio': None, 'function_call': None, 'tool_calls': [], 'reasoning_content': ""We need to select number of boxes to open to maximize expected earnings. There are 100 boxes, one bomb uniformly random. If open k boxes, you get $k if bomb not in opened boxes, else $0. Probability bomb not opened = (100 - k)/100. Expected earnings = k * (100 - k)/100.\n\nWe need maximize f(k)=k*(100 - k)/100 = (k(100 - k))/100. Equivalent to maximize g(k)=k(100 - k) = 100k - k^2. That's a concave parabola with vertex at k=100/2 =50. Max g = 50*50 =2500. Expected value =2500/100=25. So optimal k =50.\n\nBut do we consider fractional boxes? We can open any number 0 to 100 inclusive, integer presumably. Could be decimal? Opening fraction of a box not realistic but problem says integer or decimal allowed. For continuous we can compute derivative: g'(k)=100 - 2k =0 => k=50. So answer 50.\n\nThus respond with 50 and comment.\n\n"", 'name': None}}], 'created': 1781110601, 'model': 'openai/gpt-oss-120b', 'object': 'chat.completion', 'service_tier': 'default', 'system_fingerprint': None, 'usage': {'completion_tokens': 288, 'prompt_tokens': 194, 'total_tokens': 482, 'completion_tokens_details': None, 'prompt_tokens_details': None, 'estimated_cost': 6.228599999999999e-05}}",,,0,True
0,You are answering questions as if you were a human. Do not break character.,player,50,4c3c3eb57f0d52b8825559fcb0aac5e0,False,"Maximizing the expected payoff = k × P(no bomb) = k·(100−k)/100 gives a parabola with vertex at k=50, yielding the highest expected earnings.","50
Maximizing the expected payoff = k × P(no bomb) = k·(100−k)/100 gives a parabola with vertex at k=50, yielding the highest expected earnings.",1,0,deep_infra,False,1000,openai/gpt-oss-120b,0,0,,1,3,1,,"There are 100 closed boxes. Exactly one of them, chosen at random, contains a bomb. You choose how many boxes to open (0 to 100). You earn $1 for every box you open, but if the bomb is in any opened box, you earn $0 instead. How many boxes do you open?

This question requires a numerical response in the form of an integer or decimal (e.g., -12, 0, 1, 2, 3.45, ...).
Respond with just your number on a single line.
If your response is equivalent to zero, report '0'


After the answer, put a comment explaining your choice on the next line.
",,"There are 100 closed boxes. Exactly one of them, chosen at random, contains a bomb. You choose how many boxes to open (0 to 100). You earn $1 for every box you open, but if the bomb is in any opened box, you earn $0 instead. How many boxes do you open?",numerical,7.235600000000001e-05,0.039,194,13820.553927801424,0.19,341,"{'id': 'chatcmpl-RlJCJY8kpMX8Ld1NboUXCtof', 'choices': [{'finish_reason': 'stop', 'index': 0, 'logprobs': None, 'message': {'content': '50\nMaximizing the expected payoff\u202f=\u202fk\u202f×\u202fP(no bomb)\u202f=\u202fk·(100−k)/100 gives a parabola with vertex at k=50, yielding the highest expected earnings.', 'refusal': None, 'role': 'assistant', 'annotations': None, 'audio': None, 'function_call': None, 'tool_calls': [], 'reasoning_content': 'We have a problem: 100 boxes, one bomb uniformly random. You choose number k of boxes to open (any subset?), presumably you can decide number; you earn $1 per opened box, but if bomb is in any opened box, you earn $0 (lose everything). So expected payoff: with k boxes opened, probability bomb is not in opened set = (100 - k)/100. If bomb not in opened, you get $k. If bomb in opened, you get 0. Expected value = k * (100 - k)/100.\n\nWe want to maximize expected value. Compute function f(k) = k*(100 - k)/100 = (k* (100 - k))/100.\n\nConsider continuous k to maximize: derivative: (100 - 2k)/100 = 0 => k = 50. So maximum at k=50, gives expected = 50*50/100 = 25.\n\nCheck integer: k=50 gives 2500/100 = 25. k=49 => 49*51/100 = 2499/100 = 24.99. So 50 is best.\n\nThus answer: 50.\n\nBut also note you could open zero boxes and get $0? Actually you earn $1 per box opened; if you open 0, you get $0. So ok.\n\nThus answer 50.\n\nProvide explanation.', 'name': None}}], 'created': 1781110602, 'model': 'openai/gpt-oss-120b', 'object': 'chat.completion', 'service_tier': 'default', 'system_fingerprint': None, 'usage': {'completion_tokens': 341, 'prompt_tokens': 194, 'total_tokens': 535, 'completion_tokens_details': None, 'prompt_tokens_details': None, 'estimated_cost': 7.2356e-05}}",,,0,True
0,You are answering questions as if you were a human. Do not break character.,player,50,0e2ff63e1f9aa8d3a4762b704f043ec4,False,"The expected earnings are k × (100–k)/100, which is maximized at k = 100/2 = 50. Opening 50 boxes gives the highest expected payoff.","50
The expected earnings are k × (100–k)/100, which is maximized at k = 100/2 = 50. Opening 50 boxes gives the highest expected payoff.",2,0,deep_infra,False,1000,openai/gpt-oss-120b,0,0,,1,3,1,,"There are 100 closed boxes. Exactly one of them, chosen at random, contains a bomb. You choose how many boxes to open (0 to 100). You earn $1 for every box you open, but if the bomb is in any opened box, you earn $0 instead. How many boxes do you open?

This question requires a numerical response in the form of an integer or decimal (e.g., -12, 0, 1, 2, 3.45, ...).
Respond with just your number on a single line.
If your response is equivalent to zero, report '0'


After the answer, put a comment explaining your choice on the next line.
",,"There are 100 closed boxes. Exactly one of them, chosen at random, contains a bomb. You choose how many boxes to open (0 to 100). You earn $1 for every box you open, but if the bomb is in any opened box, you earn $0 instead. How many boxes do you open?",numerical,5.5636e-05,0.039,194,17973.973686102523,0.19,253,"{'id': 'chatcmpl-RJxz05gHGwgDLFZS8af4aPAU', 'choices': [{'finish_reason': 'stop', 'index': 0, 'logprobs': None, 'message': {'content': '50\nThe expected earnings are k\u202f×\u202f(100–k)/100, which is maximized at k = 100/2 = 50. Opening 50 boxes gives the highest expected payoff.', 'refusal': None, 'role': 'assistant', 'annotations': None, 'audio': None, 'function_call': None, 'tool_calls': [], 'reasoning_content': ""We need optimal expected payoff. There are 100 boxes, one bomb uniformly random. Choose k boxes to open (0≤k≤100). Earn $k if bomb not in opened boxes; else 0. Probability bomb not in opened boxes = (100 - k)/100. Expected payoff = k * (100 - k)/100.\n\nWe need maximize f(k) = k(100 - k)/100 = (k*100 - k^2)/100 = (100k - k^2)/100. Equivalent maximize g(k)=100k - k^2. It's a quadratic opening downward. Vertex at k = 100/2 = 50. So optimum at k = 50. Expected payoff = 50*(100-50)/100 = 50*50/100=2500/100=25. So open 50 boxes.\n\nBut k is integer 0..100. Vertex at 50 integer, fine.\n\nThus answer: 50\n\nAdd comment.\n\n"", 'name': None}}], 'created': 1781110600, 'model': 'openai/gpt-oss-120b', 'object': 'chat.completion', 'service_tier': 'default', 'system_fingerprint': None, 'usage': {'completion_tokens': 253, 'prompt_tokens': 194, 'total_tokens': 447, 'completion_tokens_details': None, 'prompt_tokens_details': None, 'estimated_cost': 5.5636e-05}}",,,0,True
0,You are answering questions as if you were a human. Do not break character.,player,50,f8f2a8b16ff14e0288deb614acfa710d,False,"The expected earnings are k × (100−k)/100, which is maximized at k=50 (giving an expected $25), so opening 50 boxes yields the highest expected payoff.","50
The expected earnings are k × (100−k)/100, which is maximized at k=50 (giving an expected $25), so opening 50 boxes yields the highest expected payoff.",3,0,deep_infra,False,1000,openai/gpt-oss-120b,0,0,,1,3,1,,"There are 100 closed boxes. Exactly one of them, chosen at random, contains a bomb. You choose how many boxes to open (0 to 100). You earn $1 for every box you open, but if the bomb is in any opened box, you earn $0 instead. How many boxes do you open?

This question requires a numerical response in the form of an integer or decimal (e.g., -12, 0, 1, 2, 3.45, ...).
Respond with just your number on a single line.
If your response is equivalent to zero, report '0'


After the answer, put a comment explaining your choice on the next line.
",,"There are 100 closed boxes. Exactly one of them, chosen at random, contains a bomb. You choose how many boxes to open (0 to 100). You earn $1 for every box you open, but if the bomb is in any opened box, you earn $0 instead. How many boxes do you open?",numerical,7.0456e-05,0.039,194,14193.255365050527,0.19,331,"{'id': 'chatcmpl-Rv4uT8XjqX267ptQLa7jIOpy', 'choices': [{'finish_reason': 'stop', 'index': 0, 'logprobs': None, 'message': {'content': '50\nThe expected earnings are k\u202f×\u202f(100−k)/100, which is maximized at k=50 (giving an expected $25), so opening 50 boxes yields the highest expected payoff.', 'refusal': None, 'role': 'assistant', 'annotations': None, 'audio': None, 'function_call': None, 'tool_calls': [], 'reasoning_content': ""We need to maximize expected earnings. There are 100 boxes, one bomb random uniform. If you open k boxes, you earn $k unless bomb in opened set, then you get $0. So expected payoff = k * P(no bomb in opened set) = k * ( (99/100) * (98/99) * ... for k boxes without bomb? Actually probability bomb not among opened k is (100 - k)/100 because bomb equally likely any box. If you open k boxes, chance bomb not in them = (100 - k)/100. If bomb not in opened, you get k dollars. If bomb in opened, you get 0. So expected = k * (100 - k)/100.\n\nWe maximize f(k)=k(100 - k)/100 = (k* (100 - k))/100. For continuous k, it's a quadratic opening parabola maximum at k = 50. Expected payoff = 50*50/100 = 25. So optimal integer k is 50 (or perhaps 49 or 51 similar). Check: k=49 => 49*51/100 = 2499/100 = 24.99. k=51 => 51*49/100 = same 24.99. So 50 yields 25 highest.\n\nThus answer: 50.\n\nAdd comment explanation."", 'name': None}}], 'created': 1781110602, 'model': 'openai/gpt-oss-120b', 'object': 'chat.completion', 'service_tier': 'default', 'system_fingerprint': None, 'usage': {'completion_tokens': 331, 'prompt_tokens': 194, 'total_tokens': 525, 'completion_tokens_details': None, 'prompt_tokens_details': None, 'estimated_cost': 7.0456e-05}}",,,0,True
0,You are answering questions as if you were a human. Do not break character.,player,50,5fbb09ba4786a2d81da61bbca20ba24b,False,"Optimal expected earnings occur when the derivative of k·(100−k)/100 is zero, giving k = 50. Opening 50 boxes yields an expected payoff of $25, the maximum possible.","50
Optimal expected earnings occur when the derivative of k·(100−k)/100 is zero, giving k = 50. Opening 50 boxes yields an expected payoff of $25, the maximum possible.",4,0,deep_infra,False,1000,openai/gpt-oss-120b,0,0,,1,3,1,,"There are 100 closed boxes. Exactly one of them, chosen at random, contains a bomb. You choose how many boxes to open (0 to 100). You earn $1 for every box you open, but if the bomb is in any opened box, you earn $0 instead. How many boxes do you open?

This question requires a numerical response in the form of an integer or decimal (e.g., -12, 0, 1, 2, 3.45, ...).
Respond with just your number on a single line.
If your response is equivalent to zero, report '0'


After the answer, put a comment explaining your choice on the next line.
",,"There are 100 closed boxes. Exactly one of them, chosen at random, contains a bomb. You choose how many boxes to open (0 to 100). You earn $1 for every box you open, but if the bomb is in any opened box, you earn $0 instead. How many boxes do you open?",numerical,6.4186e-05,0.039,194,15579.72143458075,0.19,298,"{'id': 'chatcmpl-RLCNKmIwUUES6NUZKKgrQH2X', 'choices': [{'finish_reason': 'stop', 'index': 0, 'logprobs': None, 'message': {'content': '50\nOptimal expected earnings occur when the derivative of\u202fk·(100−k)/100\u202fis zero, giving\u202fk\u202f=\u202f50. Opening 50 boxes yields an expected payoff of $25, the maximum possible.', 'refusal': None, 'role': 'assistant', 'annotations': None, 'audio': None, 'function_call': None, 'tool_calls': [], 'reasoning_content': ""We need to maximize expected earnings. There are 100 boxes, one bomb uniformly random. If open k boxes, earn $k if bomb not among opened, else $0. Probability bomb not opened = (100 - k)/100. Expected earnings = k * (100 - k)/100. Need maximize over k ∈ [0,100] (real? but boxes integer). Compute function f(k) = k*(100 - k)/100 = (k* (100 - k))/100 = ( -k^2 + 100k)/100 = -(k^2)/100 + k. That's a concave quadratic, max at vertex k = 100/2 = 50. Since derivative: f'(k)= -2k/100 + 1 = 1 - 0.02k = 0 => k=50. Expected value at 50 = 50*(50)/100 = 25. So optimal integer is 50. Could also consider maybe open 50 boxes. So answer: 50.\n\nBut some nuance: you can also open fractional? No, number of boxes integer. So 50.\n\nThus output:\n\n50\n\nThen comment.\n\n"", 'name': None}}], 'created': 1781110605, 'model': 'openai/gpt-oss-120b', 'object': 'chat.completion', 'service_tier': 'default', 'system_fingerprint': None, 'usage': {'completion_tokens': 298, 'prompt_tokens': 194, 'total_tokens': 492, 'completion_tokens_details': None, 'prompt_tokens_details': None, 'estimated_cost': 6.4186e-05}}",,,0,True
0,You are answering questions as if you were a human. Do not break character.,player,50,e3f647035f87081f9f748d658bfed8e7,False,"The expected profit is k·(100−k)/100, which is maximized at k = 50 (giving an expected $25). Any other integer number of boxes yields a lower expected payoff.","50
The expected profit is k·(100−k)/100, which is maximized at k = 50 (giving an expected $25). Any other integer number of boxes yields a lower expected payoff.",5,0,deep_infra,False,1000,openai/gpt-oss-120b,0,0,,1,3,1,,"There are 100 closed boxes. Exactly one of them, chosen at random, contains a bomb. You choose how many boxes to open (0 to 100). You earn $1 for every box you open, but if the bomb is in any opened box, you earn $0 instead. How many boxes do you open?

This question requires a numerical response in the form of an integer or decimal (e.g., -12, 0, 1, 2, 3.45, ...).
Respond with just your number on a single line.
If your response is equivalent to zero, report '0'


After the answer, put a comment explaining your choice on the next line.
",,"There are 100 closed boxes. Exactly one of them, chosen at random, contains a bomb. You choose how many boxes to open (0 to 100). You earn $1 for every box you open, but if the bomb is in any opened box, you earn $0 instead. How many boxes do you open?",numerical,6.950600000000001e-05,0.039,194,14387.247144131441,0.19,326,"{'id': 'chatcmpl-RolXtz5W9NCpYZuyzbQioDjK', 'choices': [{'finish_reason': 'stop', 'index': 0, 'logprobs': None, 'message': {'content': '50\nThe expected profit is k·(100−k)/100, which is maximized at k = 50 (giving an expected $25). Any other integer number of boxes yields a lower expected payoff.', 'refusal': None, 'role': 'assistant', 'annotations': None, 'audio': None, 'function_call': None, 'tool_calls': [], 'reasoning_content': ""We need to maximize expected earnings. There are 100 boxes, one bomb uniformly random. If we open k boxes, we earn $k if bomb not among opened; otherwise $0. Probability bomb not in opened = (99 choose...? Actually bomb is uniformly among 100, probability it's not among opened k is (100 - k)/100. So expected earnings = k * (100 - k)/100.\n\nWe need to maximize f(k)=k*(100 - k)/100 = (k* (100 - k))/100. This is a concave quadratic, maximum at k = 50. So expected earnings = 50*50/100 = 25.\n\nBut wait, we could also choose fractional k? The problem says choose how many boxes to open (0 to 100). Probably integer number. So optimal integer is 50 (or 49 or 51 yields lower). Let's compute: 49*51/100 = 2499/100 = 24.99; 50 gives 25; 51*49/100 = 2499/100 = same. So 50 best.\n\nThus answer 50.\n\nBut we might consider also the option of opening zero boxes yields $0 expected; opening all 100 gives $0 because bomb certainly in opened. So 50 is best.\n\nThus answer 50.\n\n"", 'name': None}}], 'created': 1781110603, 'model': 'openai/gpt-oss-120b', 'object': 'chat.completion', 'service_tier': 'default', 'system_fingerprint': None, 'usage': {'completion_tokens': 326, 'prompt_tokens': 194, 'total_tokens': 520, 'completion_tokens_details': None, 'prompt_tokens_details': None, 'estimated_cost': 6.950600000000001e-05}}",,,0,True
0,You are answering questions as if you were a human. Do not break character.,player,50,2ce18324362edf072bef9c6a06903ee7,False,"Choosing 50 boxes maximizes the expected earnings. The expected payoff is k·(100–k)/100, which peaks at k = 50, giving an expected $25. Opening any fewer or more reduces this expectation.","50
Choosing 50 boxes maximizes the expected earnings. The expected payoff is k·(100–k)/100, which peaks at k = 50, giving an expected $25. Opening any fewer or more reduces this expectation.",6,0,deep_infra,False,1000,openai/gpt-oss-120b,0,0,,1,3,1,,"There are 100 closed boxes. Exactly one of them, chosen at random, contains a bomb. You choose how many boxes to open (0 to 100). You earn $1 for every box you open, but if the bomb is in any opened box, you earn $0 instead. How many boxes do you open?

This question requires a numerical response in the form of an integer or decimal (e.g., -12, 0, 1, 2, 3.45, ...).
Respond with just your number on a single line.
If your response is equivalent to zero, report '0'


After the answer, put a comment explaining your choice on the next line.
",,"There are 100 closed boxes. Exactly one of them, chosen at random, contains a bomb. You choose how many boxes to open (0 to 100). You earn $1 for every box you open, but if the bomb is in any opened box, you earn $0 instead. How many boxes do you open?",numerical,5.8866e-05,0.039,194,16987.734855434377,0.19,270,"{'id': 'chatcmpl-RZAv0wp9ZcDpoUPHfG7qOVgZ', 'choices': [{'finish_reason': 'stop', 'index': 0, 'logprobs': None, 'message': {'content': '50\nChoosing 50 boxes maximizes the expected earnings. The expected payoff is k·(100–k)/100, which peaks at k\u202f=\u202f50, giving an expected $25. Opening any fewer or more reduces this expectation.', 'refusal': None, 'role': 'assistant', 'annotations': None, 'audio': None, 'function_call': None, 'tool_calls': [], 'reasoning_content': 'We need to decide optimal number of boxes to open to maximize expected earnings. There are 100 boxes, one bomb uniformly random. If we open k boxes, we earn $k if bomb not in those opened boxes; else $0. Probability bomb not in opened = (remaining boxes = 100 - k)/100. Expected earning = k * (100 - k)/100.\n\nWe need to maximize f(k) = k*(100 - k)/100 = (k*(100 - k))/100.\n\nTreat k continuous 0-100. Maximization of k*(100 - k) is quadratic: -k^2 + 100k. Vertex at k = 100/2 = 50. Value = 50*50 = 2500. Divided by 100 => 25 expected value.\n\nThus optimum is k = 50. Since integer? k can be integer 0-100. 50 gives expected $25. If we consider fractional maybe 50. So answer: 50.\n\nThus respond ""50"".', 'name': None}}], 'created': 1781110602, 'model': 'openai/gpt-oss-120b', 'object': 'chat.completion', 'service_tier': 'default', 'system_fingerprint': None, 'usage': {'completion_tokens': 270, 'prompt_tokens': 194, 'total_tokens': 464, 'completion_tokens_details': None, 'prompt_tokens_details': None, 'estimated_cost': 5.8865999999999995e-05}}",,,0,True
0,You are answering questions as if you were a human. Do not break character.,player,50,ceb198a45940d0cc97b5688339641a1d,False,"The expected earnings are k × (100 − k)/100, which is maximized at k = 50, giving an expected $25 – the optimal choice is to open half the boxes.","50
The expected earnings are k × (100 − k)/100, which is maximized at k = 50, giving an expected $25 – the optimal choice is to open half the boxes.",7,0,deep_infra,False,1000,openai/gpt-oss-120b,0,0,,1,3,1,,"There are 100 closed boxes. Exactly one of them, chosen at random, contains a bomb. You choose how many boxes to open (0 to 100). You earn $1 for every box you open, but if the bomb is in any opened box, you earn $0 instead. How many boxes do you open?

This question requires a numerical response in the form of an integer or decimal (e.g., -12, 0, 1, 2, 3.45, ...).
Respond with just your number on a single line.
If your response is equivalent to zero, report '0'


After the answer, put a comment explaining your choice on the next line.
",,"There are 100 closed boxes. Exactly one of them, chosen at random, contains a bomb. You choose how many boxes to open (0 to 100). You earn $1 for every box you open, but if the bomb is in any opened box, you earn $0 instead. How many boxes do you open?",numerical,6.8366e-05,0.039,194,14627.153848404178,0.19,320,"{'id': 'chatcmpl-RxvXVPkFVDHq6Mb2TD70Hkst', 'choices': [{'finish_reason': 'stop', 'index': 0, 'logprobs': None, 'message': {'content': '50\nThe expected earnings are k\u202f×\u202f(100\u202f−\u202fk)/100, which is maximized at k\u202f=\u202f50, giving an expected $25 – the optimal choice is to open half the boxes.', 'refusal': None, 'role': 'assistant', 'annotations': None, 'audio': None, 'function_call': None, 'tool_calls': [], 'reasoning_content': 'We need to maximize expected earnings: Choose k boxes to open (k integer 0-100). There\'s a bomb uniformly random among 100 boxes. If bomb is in any opened box, you earn 0. If bomb not in opened boxes, you earn $k (since you get $1 per opened box). Probability bomb not opened = (100 - k)/100. Expected value = k * (100 - k)/100.\n\nWe maximize f(k)=k*(100 - k)/100 = (k*(100 - k))/100. This is a quadratic with vertex at k = 50. Indeed maximize when derivative of numerator k(100 - k) = 100k - k^2. derivative = 100 - 2k => zero at k=50. So max expected value = (50*50)/100 = 2500/100 = 25.\n\nThus optimal is open 50 boxes. Could also be any real k? But we can open any number from 0 to 100 (including fractions? The problem says you choose how many boxes to open (0 to 100). Could be integer only? Usually boxes are discrete, must open integer number of boxes. The maximum at 50 exactly. So answer: 50.\n\nThus respond ""50"" then comment.', 'name': None}}], 'created': 1781110605, 'model': 'openai/gpt-oss-120b', 'object': 'chat.completion', 'service_tier': 'default', 'system_fingerprint': None, 'usage': {'completion_tokens': 320, 'prompt_tokens': 194, 'total_tokens': 514, 'completion_tokens_details': None, 'prompt_tokens_details': None, 'estimated_cost': 6.8366e-05}}",,,0,True
0,You are answering questions as if you were a human. Do not break character.,player,50,960fde9829da1bbba201b0643f29eb1f,False,"The expected reward is k × (100 − k)/100, which is maximized at k = 50 (the vertex of the quadratic). Opening 50 boxes gives the highest expected earnings.","50
The expected reward is k × (100 − k)/100, which is maximized at k = 50 (the vertex of the quadratic). Opening 50 boxes gives the highest expected earnings.",8,0,deep_infra,False,1000,openai/gpt-oss-120b,0,0,,1,3,1,,"There are 100 closed boxes. Exactly one of them, chosen at random, contains a bomb. You choose how many boxes to open (0 to 100). You earn $1 for every box you open, but if the bomb is in any opened box, you earn $0 instead. How many boxes do you open?

This question requires a numerical response in the form of an integer or decimal (e.g., -12, 0, 1, 2, 3.45, ...).
Respond with just your number on a single line.
If your response is equivalent to zero, report '0'


After the answer, put a comment explaining your choice on the next line.
",,"There are 100 closed boxes. Exactly one of them, chosen at random, contains a bomb. You choose how many boxes to open (0 to 100). You earn $1 for every box you open, but if the bomb is in any opened box, you earn $0 instead. How many boxes do you open?",numerical,7.3496e-05,0.039,194,13606.182649395885,0.19,347,"{'id': 'chatcmpl-Ru1tbxTcnrMkOwt1h7WQM8BT', 'choices': [{'finish_reason': 'stop', 'index': 0, 'logprobs': None, 'message': {'content': '50\nThe expected reward is k\u202f×\u202f(100\u202f−\u202fk)/100, which is maximized at k = 50 (the vertex of the quadratic). Opening 50 boxes gives the highest expected earnings.', 'refusal': None, 'role': 'assistant', 'annotations': None, 'audio': None, 'function_call': None, 'tool_calls': [], 'reasoning_content': 'We have a decision: choose number of boxes to open to maximize expected earnings.\n\nWe have 100 boxes, one bomb randomly equally likely. If we open k boxes, we earn $k if bomb not among opened; otherwise $0. Probability bomb not opened = (remaining boxes) 99-? Actually bomb uniformly among 100 boxes. Probability it\'s not in chosen k = (100 - k)/100. So expected earnings = k * (100 - k)/100.\n\nWe maximize f(k) = k*(100-k)/100 = (k*(100-k))/100. For continuous k in [0,100], maximize k*(100-k) which is a quadratic: -k^2 +100k. Vertex at k = 100/2 = 50. So optimum at k = 50 (continuous). For integer, k=50 yields value 50*(50)/100 = 2500/100 = 25. k=49 gives 49*51/100 = 2499/100 = 24.99. k=51 gives 51*49/100 = 2499/100 = same. So 50 is best integer.\n\nThus answer: 50.\n\nCheck edge cases: opening 0 gives 0. Opening 100 gives 0 (because bomb certainly opened? Actually if open all 100, bomb certainly opened => zero). So 50 is best.\n\nThus output ""50"".', 'name': None}}], 'created': 1781110601, 'model': 'openai/gpt-oss-120b', 'object': 'chat.completion', 'service_tier': 'default', 'system_fingerprint': None, 'usage': {'completion_tokens': 347, 'prompt_tokens': 194, 'total_tokens': 541, 'completion_tokens_details': None, 'prompt_tokens_details': None, 'estimated_cost': 7.3496e-05}}",,,0,True
0,You are answering questions as if you were a human. Do not break character.,player,50,33e6e77335fb2b990b347f9eb27686eb,False,"The expected payoff is k × (100−k)/100, which is maximized at k = 50, giving the highest expected earnings of $25. Opening any more or fewer boxes reduces the expected value.","50
The expected payoff is k × (100−k)/100, which is maximized at k = 50, giving the highest expected earnings of $25. Opening any more or fewer boxes reduces the expected value.",9,0,deep_infra,False,1000,openai/gpt-oss-120b,0,0,,1,3,1,,"There are 100 closed boxes. Exactly one of them, chosen at random, contains a bomb. You choose how many boxes to open (0 to 100). You earn $1 for every box you open, but if the bomb is in any opened box, you earn $0 instead. How many boxes do you open?

This question requires a numerical response in the form of an integer or decimal (e.g., -12, 0, 1, 2, 3.45, ...).
Respond with just your number on a single line.
If your response is equivalent to zero, report '0'


After the answer, put a comment explaining your choice on the next line.
",,"There are 100 closed boxes. Exactly one of them, chosen at random, contains a bomb. You choose how many boxes to open (0 to 100). You earn $1 for every box you open, but if the bomb is in any opened box, you earn $0 instead. How many boxes do you open?",numerical,5.6206000000000004e-05,0.039,194,17791.694836850158,0.19,256,"{'id': 'chatcmpl-RkfZFKIC4MgvMKdcgzNffVFD', 'choices': [{'finish_reason': 'stop', 'index': 0, 'logprobs': None, 'message': {'content': '50\nThe expected payoff is k\u202f×\u202f(100−k)/100, which is maximized at k = 50, giving the highest expected earnings of $25. Opening any more or fewer boxes reduces the expected value.', 'refusal': None, 'role': 'assistant', 'annotations': None, 'audio': None, 'function_call': None, 'tool_calls': [], 'reasoning_content': ""We need to maximize expected earnings: choose k boxes to open. If bomb is in any opened box, you get $0. Otherwise you get $k dollars. Probability bomb not opened = (100 - k)/100. Expected value = k * (100 - k)/100.\n\nWe want to maximize f(k)= k(100 - k)/100 = (k*(100 - k))/100. This is quadratic opening maximum at k = 50 (since symmetric). Indeed maximize k*(100 - k). That's a parabola with vertex at k=50, value 2500. Dividing by 100 gives 25. So expected $25.\n\nThus optimal integer k = 50. Could also consider non-integer? You can open fractional number of boxes? Real number between 0 and 100? The problem says you choose how many boxes to open (0 to 100). Typically integer boxes. We'll answer 50.\n\nThus output:\n\n50\n\nComment: explanation."", 'name': None}}], 'created': 1781110602, 'model': 'openai/gpt-oss-120b', 'object': 'chat.completion', 'service_tier': 'default', 'system_fingerprint': None, 'usage': {'completion_tokens': 256, 'prompt_tokens': 194, 'total_tokens': 450, 'completion_tokens_details': None, 'prompt_tokens_details': None, 'estimated_cost': 5.6206e-05}}",,,0,True
